lat,lon,nombre
36.4375529,-5.7185433,45
36.1745369,-5.4647331,87
36.1718486,-5.4775219,85
36.2292412,-5.3561526,1101
36.2592859,-5.3320065,1098
36.4937317,-6.1434963,664
37.1631711,-4.1189618,193
36.7599404,-4.4257897,142A
36.6898492,-4.4619358,5A
36.6403473,-4.5079344,998
37.1350262,-4.2840457,177
37.1726433,-4.0827433,197
36.6148469,-4.5229156,nodo_13838847
36.9694017,-4.4383728,24
36.6093444,-4.5386916,1003
37.1581234,-4.2012166,185
36.4620904,-5.0440333,1059B
36.4326845,-5.1186915,1067
36.5058512,-4.711822,200
36.5162959,-4.9362649,nodo_13842716
36.7567256,-4.0997046,953
36.756183,-4.1080909,953
36.7581446,-4.0859362,951
36.7289227,-4.3648778,978A
36.6849874,-4.4644615,nodo_21290445
36.6542462,-4.486654,nodo_21497109
36.6682704,-4.4801678,2
36.1789754,-5.4481949,nodo_21497429
36.1432124,-5.4585495,nodo_21497515
36.1321159,-5.4641456,105
36.1374756,-5.4600629,nodo_21497594
38.0401381,-4.0155695,319
38.0005854,-4.3431251,356
38.0095089,-4.3637942,358
38.0073629,-4.3962449,nodo_24911303
37.9733167,-4.4531768,367
37.892493,-4.7453826,267
37.8881206,-4.7134313,396
37.9057278,-4.7521393,266
38.0383594,-4.0331067,321
37.9369681,-4.571312,nodo_26387504
38.0390316,-4.0189148,319
37.954163,-4.465765,370
37.8911433,-4.7455101,268
37.2308253,-7.4485274,18
36.7581021,-4.0475752,948
36.7607416,-4.0587196,948
36.2119694,-5.3798531,1105
36.2991136,-5.2815671,133
36.4875259,-4.9646776,nodo_31478045
36.4901404,-4.9550433,1050A
37.4711059,-5.6891366,511
37.4884906,-5.6419376,506
36.2155562,-5.3786416,1105
36.2070865,-5.3854655,0
36.5132509,-4.9224319,1047A
36.5204933,-4.8706193,1043
36.5195812,-4.8870281,1044
36.517339,-4.8656159,183
36.5146688,-4.9126274,1045
36.4878052,-4.7386233,nodo_192671710
36.489408,-4.7124292,196
36.4964644,-4.6897243,nodo_192672662
36.4949789,-4.9500122,nodo_192693883
36.4928798,-4.7579367,nodo_192694550
36.5528119,-4.6241471,nodo_192695868
36.4932047,-4.7624498,nodo_192697307
36.5437753,-4.6342317,nodo_192697489
36.5542649,-4.6221921,nodo_192697535
36.4963681,-4.6896785,nodo_192698325
36.5554062,-4.6208545,1013
36.5062665,-4.6787295,1024
36.984297,-4.401465,20
37.067366,-4.3291802,7
37.14932,-4.2275714,183
37.3960048,-5.9445627,nodo_206120407
37.3615054,-6.0081004,12
37.3432164,-5.986364,9A
37.3418143,-5.9839558,9B
37.372475,-6.0248689,15A
37.3746018,-6.0271583,15B
37.3834851,-6.025582,17A
37.4095077,-5.9493326,nodo_206128434
37.4072927,-5.9518952,nodo_206128450
37.4057963,-5.9482638,0
37.4088677,-5.9493937,nodo_206129601
37.4077157,-5.949183,nodo_206129605
37.411463,-5.9368736,535
37.0732492,-4.6053218,146
37.1331098,-4.6977389,135
36.1734353,-5.4853668,85
36.1977279,-5.5152181,80
36.1662093,-5.4576646,1115
36.1935222,-5.4314451,1112 A
36.2621688,-5.3264502,1098
36.1975386,-5.3825073,3
36.2060106,-5.3843269,1
36.2074118,-5.3906851,1107
36.1449542,-5.4540928,1118
36.1603998,-5.4595293,1116A
36.1648771,-5.4583297,1115B
36.2044709,-5.4167187,1109
36.2029508,-5.4226502,1110
36.2063203,-5.4125074,1109
36.2049796,-5.4160805,1110
36.2073652,-5.3975221,1108
36.1830963,-5.4414567,1113
36.1827628,-5.4416317,1113
36.1889503,-5.4352044,1112 A
36.1433075,-5.4579729,nodo_241205260
36.1400476,-5.4604698,1119
36.1260103,-5.4631111,104
36.1307082,-5.4642714,105
36.1333706,-5.4627961,nodo_243289154
36.1226428,-5.4607133,104
36.115145,-5.4586806,1122
36.2076575,-5.4025524,1108
37.364923,-6.0319365,0B
37.3662714,-6.0324311,nodo_244018319
37.3690971,-6.032046,0A
37.3637246,-6.0312557,1
37.3713599,-6.0273368,15B
37.3715805,-6.0175065,14
37.392768,-6.0257047,17C
37.389435,-6.0274359,17A
37.3741933,-6.0275031,15A
37.3897574,-6.0239342,0B
37.3812556,-6.0368754,1B
37.3722627,-6.0938678,6
37.361023,-6.1375646,11
37.3596168,-6.3214965,28
37.238574,-7.4104923,131
37.1401604,-4.7293252,132
37.1986219,-4.7959802,123
37.2757866,-4.8084368,113
37.2787734,-7.2474397,117
37.3364913,-7.0189269,94
37.3006033,-7.2144333,113
37.3583307,-6.5375677,50
37.3343363,-6.7830931,nodo_247082038
37.3423243,-6.672999,60
37.3499897,-6.4164215,nodo_247082293
37.3567121,-6.9496246,87
37.3315617,-7.14785,105
37.3245396,-6.837342,75
37.3535917,-6.59362,53
37.3537772,-6.5644516,50
37.33138,-7.1621617,105
37.35565,-6.9653883,87
37.3589217,-6.3283833,28
37.3640067,-6.122725,9
37.3464914,-6.4271827,nodo_247084366
37.351055,-6.603295,53
37.29548,-7.2218687,113
37.323287,-7.0756722,99
37.3249466,-6.9108396,81
37.3228693,-6.8449114,75
37.2638838,-4.960905,97
37.2280168,-5.0948491,84
37.2285394,-5.1138778,82
37.2295977,-5.2600509,nodo_248098093
37.4829958,-5.6212804,504
37.4819686,-5.5557851,498
37.8101899,-4.8020174,nodo_248477208
37.8064689,-4.803997,nodo_248477218
37.7874176,-4.8145708,414
37.3600711,-6.1961837,16
37.4843593,-5.6521906,508
37.3437949,-5.8214076,12
37.4456119,-5.7834328,521
37.4474943,-5.7782252,521
37.3358604,-5.9210952,4B
37.3249141,-5.9025238,6
37.172208,-5.9092438,23
37.2555797,-5.568791,37
37.2559947,-5.5783209,37
37.250054,-5.5537091,40
37.2562268,-5.5385768,41
37.3473959,-5.8302696,nodo_249065618
37.3406537,-5.9776142,9
37.3377684,-5.9841092,545
37.2527961,-5.9290571,558
37.3609375,-6.2765088,23
37.3621416,-6.2679309,23
37.3822188,-6.0472067,2
37.3060489,-5.9824563,549
37.3031095,-5.9815543,nodo_249510577
37.2990229,-5.9795034,nodo_249510588
37.3159155,-5.9692269,549
37.3132991,-5.9695862,549
37.3537689,-6.3866883,34
37.3530249,-6.3932593,34
37.2470772,-5.8406151,16
37.2170971,-5.8118477,nodo_249547843
37.2510179,-5.5482209,40
37.2536747,-5.5614652,nodo_249550403
37.4722017,-5.6859992,511
37.4811988,-5.6111368,504
37.4799214,-5.660075,508
37.4888418,-5.6354269,506
37.2593682,-5.5356756,41
37.2839488,-5.6836277,27
37.3273047,-5.80923,15
37.3275344,-5.8014175,15
37.3120802,-5.749417,nodo_249567268
37.3143409,-5.7551239,nodo_249567328
37.3046659,-5.728934,23
37.3019346,-5.7195413,23
37.2573694,-5.6093752,nodo_249568050
37.2591016,-5.6151286,nodo_249568082
37.2649692,-5.6324749,nodo_249568801
37.266598,-5.6383038,nodo_249568856
37.2879207,-5.695451,nodo_249569346
37.290029,-5.7011012,nodo_249569414
37.3279764,-5.8156381,14
37.384052,-5.9413731,2
37.3862483,-5.9350903,nodo_249613175
37.3862737,-5.936146,0
37.3904491,-5.9423275,2
37.3979764,-5.9449477,1
37.3659394,-5.9452488,5
37.3567743,-5.9576078,6B
37.3596965,-5.9554944,0A
37.3591936,-5.9549771,0B
37.3580072,-5.952925,0B
37.3407775,-5.9721941,8B
37.3430521,-5.9686301,8
37.3573603,-6.0029771,12
37.2364493,-5.3762811,nodo_250138512
37.4182166,-5.9180437,535
37.4339843,-5.8768247,530
37.4205288,-5.9127067,533
37.4308231,-5.8211888,524
37.4694633,-5.7110875,514
37.4321974,-5.8326971,526
37.4838156,-5.5336534,nodo_250720307
37.4828146,-5.546265,498
37.4814182,-5.5653936,500
37.2693415,-5.9713867,553
37.3887421,-6.0285366,0A
37.3893362,-6.0225785,0A
37.3592,-6.1450748,11
37.3616199,-6.2034714,16
36.7131297,-4.4685255,68
36.7139366,-4.4784913,68
36.6551709,-4.4770624,1
37.8354655,-4.7926603,408
36.9712469,-4.4440356,114
36.586568,-4.5980277,1008
36.571626,-4.6251425,1011
36.5618919,-4.6214754,1012
36.541546,-4.6350615,1016
36.5756406,-4.6180244,1010
36.6246748,-4.5162946,999
36.7394971,-4.3970393,981
36.7575333,-4.4243647,983
36.9651928,-4.443559,114
37.4564073,-4.5675492,49
37.4359523,-4.5466819,51
38.0080718,-4.3835357,359
36.7079665,-6.0736009,79
36.5327088,-6.202811,105BA
36.6192434,-6.0679033,4
36.5574766,-4.6187896,nodo_259173173
36.4665502,-6.1680242,nodo_259185612
36.4681179,-6.1768358,13
36.4018305,-6.1264484,10
36.5627485,-6.1872351,655
36.6104969,-6.1867766,nodo_260565973
36.6118986,-6.1998979,nodo_260566068
36.6150985,-6.1877643,649
38.4760737,-6.3601002,675
37.5355633,-6.0952076,795
37.2759407,-6.9237474,84B
37.3157187,-6.8662683,77
37.3088464,-6.8912879,80
37.307075,-6.8945721,80
37.2455589,-7.0183149,7
37.2251671,-7.0259687,nodo_270312328
37.2292486,-7.0210139,9
37.2489524,-7.0182896,7
37.2696911,-6.9897154,3
36.4999169,-5.004471,172
36.5186869,-4.8928704,1044
36.5236525,-4.9427066,nodo_280771809
36.3735777,-5.2670571,142
36.4330229,-5.1638487,1070A
36.5475929,-4.6314346,nodo_292534910
36.5132897,-4.9306021,1047B
36.6107124,-4.5314481,nodo_292814609
36.6342733,-4.510891,998
36.6769476,-4.4748836,nodo_294036649
37.2608641,-7.2999411,122
37.25979,-7.3094311,122
36.7241786,-4.2925131,973
36.7241748,-4.2726412,970
36.7211741,-4.2352468,967
36.7525369,-4.4305963,983
36.7448518,-4.4425215,12
36.6500269,-4.4813752,1
36.6485151,-4.4881988,0
36.6497761,-4.4881045,0
36.5196227,-4.8745204,A-7 Fuengirola Malaga
36.5272735,-4.6291252,1017B
36.7350531,-4.3772436,979
36.3822035,-5.2621672,142
36.5490324,-4.6298323,1014
37.4135202,-6.0081488,nodo_306104985
36.4287851,-5.1731761,nodo_307988098
36.5874401,-4.5913955,1008
36.4519066,-6.1520104,2
36.4556736,-6.1555957,2
36.4461478,-6.1471179,3
36.4456248,-6.1461745,3
36.4193525,-6.1172261,7
36.4177082,-6.1178552,7
36.3964784,-6.1239998,10
36.4667454,-6.1647645,1
36.5388305,-6.1928053,104AB
36.534275,-6.2010389,105B
36.7336109,-6.0893376,631
36.713582,-6.0714401,78
36.6582985,-6.0850633,84
36.6505466,-6.0856406,85
36.6971188,-6.0766585,80
36.701786,-6.0758334,nodo_309820331
36.7112746,-6.0726601,nodo_309820433
36.7847809,-6.0438638,nodo_309822232
36.6410978,-6.1849504,646B
36.6546985,-6.1706029,644
36.6582974,-6.1672153,644
36.6645554,-6.1581759,641
36.6735546,-6.1522307,640
36.6786947,-6.1502541,nodo_309836383
36.6387351,-6.1862816,nodo_309846977
36.6370657,-6.1874869,646
37.8095564,-4.8026972,nodo_309864672
37.7821875,-4.8173785,414
37.7952757,-4.8120681,nodo_309865933
37.7560666,-4.8306449,418
37.4801835,-5.5739718,500
37.3603119,-5.9576123,0A
36.5200371,-4.8842141,1043
36.7529595,-4.4153491,982
36.518612,-4.8370187,nodo_319722538
36.5109183,-4.9478098,176
36.743742,-4.1828194,960
36.7475199,-4.1719261,960
36.7249868,-4.2521612,968
36.7323834,-4.37504,979
36.7416446,-4.4027839,981B
36.724177,-4.278418,970
36.7243524,-4.2577397,968
37.1993289,-7.497488,17
37.2385737,-7.3983824,131
36.4620337,-5.0439053,nodo_320622924
36.4685583,-5.0164664,nodo_320936240
36.4637717,-5.0369512,nodo_321353561
37.2718413,-6.9177576,11A
37.2774382,-6.9217027,10B
37.2797199,-6.9240574,10A
37.2775029,-6.9221922,84B
37.2774963,-6.9212027,84A
36.7136513,-4.4989711,65
36.7192201,-4.6893291,48
37.2833107,-6.9315399,8
37.2817372,-6.926986,9
37.2751414,-6.9198681,10A
37.2776998,-6.9217191,10B
37.2795725,-6.9188462,84A
37.1387588,-4.725542,132
37.0427882,-4.5064292,102
37.2823866,-6.9289426,9
36.726228,-6.0966004,632
36.9767136,-5.9537072,45
36.9972812,-5.9412177,nodo_325136207
36.7137129,-4.3314842,nodo_325937328
37.997944,-4.7964923,254
38.0545172,-4.8121742,nodo_327208596
36.5584751,-6.2025726,nodo_327549663
38.2680286,-6.2981512,700
37.3245691,-6.5415242,3
37.2631917,-6.531473,11
37.3511355,-6.5588022,0
37.570594,-6.1052016,790
37.7118546,-6.1702151,771
37.9027319,-6.2135492,747
38.0805869,-6.2592676,722
38.1302575,-6.2733249,715
38.4146664,-6.3434333,682
36.433485,-5.1249689,1067
37.8192412,-4.7972284,409A
36.4337692,-5.1765009,153
36.2821902,-5.3130505,1094
36.6565754,-4.4860207,1
36.6588435,-4.4856701,1
36.5655746,-4.6333284,213
36.5067048,-4.7232507,200
37.5758418,-6.1106715,790
37.7415522,-6.1751423,768
37.9050855,-6.2136165,747
38.0355905,-6.2241241,730
36.4986991,-5.0131081,172
38.110493,-6.2709158,719
36.6821618,-4.4627662,5
36.7161591,-4.4581929,8
36.7108229,-4.518862,63
36.7112844,-4.5267627,62
36.7108247,-4.5306266,64
36.7157513,-4.5549787,61
36.7183212,-4.6171677,54
36.7173287,-4.6253969,54
36.7159748,-4.6463967,52
36.7155415,-4.6474679,52
36.7190765,-4.5894278,57
36.5375004,-4.6343624,1016
36.5297188,-4.6286193,1017A
36.5331306,-4.6318936,1017A
36.5077658,-4.6454905,1020
37.3426195,-6.6801587,60
37.2692509,-5.5016701,nodo_356493216
37.2764626,-5.4490486,49A
37.2699941,-5.4984798,nodo_356495419
37.2734086,-5.4444062,49
37.2450781,-5.390176,nodo_356624640
37.2303856,-5.3000003,65
37.233136,-5.2109568,nodo_357954523
37.2311704,-5.2544458,nodo_357954564
37.2362913,-5.1313211,80
37.2323679,-5.1675132,nodo_357954822
37.2354142,-5.1284295,80
37.2282968,-5.1113964,82
37.2911266,-7.4868513,2
37.3572336,-7.5165062,nodo_359697598
37.1976515,-4.7956476,123
37.300897,-4.8653665,106
37.2001442,-4.796184,nodo_364174565
37.8407878,-4.791861,406
37.8692614,-4.7640743,401
37.8861568,-4.7506063,399
37.8992346,-4.7486172,267
37.0910108,-4.4154747,163
37.0948598,-4.4089129,163
37.0708129,-4.5237065,152
36.6483232,-6.0816642,1
37.0701631,-4.5368624,152
38.4224335,-6.3462367,682
38.4581526,-6.352111,677
36.6887026,-4.4599672,nodo_387766260
38.4008634,-6.3406758,684
38.3921422,-6.3403869,684
38.3938277,-6.3402853,nodo_392937356
38.317723,-6.3062545,694
38.3102633,-6.3025664,694
36.7290715,-4.360951,978
36.7242842,-4.3445395,5
38.403029,-6.3494291,nodo_410193569
38.3930855,-6.3463935,nodo_410193597
38.2363756,-6.292627,703
38.227298,-6.2951481,704
36.7243375,-4.4546189,9
36.3577362,-6.1068153,15
36.7139264,-4.332895,4
36.7165602,-4.3370293,4
36.7317237,-4.3565149,978B
36.7221501,-4.3128516,1
36.7232649,-4.307356,1
36.725445,-4.3114019,973
36.7173757,-4.3172332,2
37.1974997,-6.9800172,15
37.1913212,-6.9776681,15
37.4300885,-7.531689,nodo_420830880
36.7140479,-4.4785421,67
36.4501087,-5.7494844,42
36.7248324,-4.246884,967
36.6815764,-4.4690811,4
36.6761124,-4.4755278,nodo_431607566
36.2959509,-5.287073,1091
36.7555426,-6.0747846,628
36.7153821,-4.5528702,61
37.5324621,-6.0907315,795
36.4413532,-5.7235399,45
36.235529,-5.5795904,73
36.264868,-5.5838935,70
36.2403571,-5.5815024,73
36.3823071,-5.6531488,54
36.4560583,-5.7655098,40
36.4720963,-5.804326,36
36.4694696,-5.8506596,31
36.489893,-5.9229399,24
36.6170539,-6.0644982,4
36.4331347,-5.1682277,153
37.3791683,-5.9432932,4
37.3823064,-5.942169,3
37.6804717,-4.9291361,432
36.5191153,-6.1591695,660
37.4023613,-5.9470917,1
36.2955296,-6.0572675,26
36.9112904,-5.9700083,53
37.4091813,-5.9437605,536
36.7187939,-5.9218893,15
36.7418683,-5.8735097,20
36.7430848,-5.8711347,20
37.3744883,-6.0840678,5
37.3894218,-5.9417299,nodo_499423894
36.7203032,-4.695566,48
36.7648773,-4.4237118,nodo_538850447
36.8101268,-4.4382605,nodo_538850734
36.9052363,-4.4454077,123
36.8796979,-4.4261619,127
36.9597968,-4.4466517,nodo_538851578
36.7725283,-4.4255355,140
36.8127187,-4.4442047,136
36.8223034,-4.4447704,134
36.8274646,-4.4448738,134
36.8433313,-4.4503616,nodo_538856110
36.8669174,-4.4359203,nodo_538856326
36.9218091,-4.4470369,nodo_538856394
36.9263214,-4.447166,nodo_538856396
36.896705,-4.4265729,124
36.9428837,-4.4400076,nodo_538857083
36.8786429,-4.4280977,127
37.00951,-4.4889648,nodo_538860388
37.0839023,-4.4448343,160
37.1110558,-4.3953293,167
37.069553,-4.3260805,7
37.05542,-4.357561,11
37.0235512,-4.3898246,16
36.9888661,-4.4003241,20
36.4303961,-5.1727222,nodo_539151919
37.2587866,-6.9211951,12
37.2649799,-6.9185353,11
37.2456066,-6.9435206,15
37.245374,-6.9438746,15
37.2718322,-6.9863445,3
37.2836501,-6.9394371,8
37.3197292,-6.9048442,81
37.4264876,-5.9005063,532
37.4261536,-5.9009273,532
37.4299087,-5.8643937,528
37.4302389,-5.8623978,528
37.4338099,-5.8768306,530
36.9844518,-5.9465402,44
37.348764,-5.9389575,nodo_560171139
36.716092,-6.1295989,635
36.716099,-6.1221789,635
36.697335,-6.1681873,639
36.7030021,-6.1648035,639
36.6843026,-6.1795276,25
36.6821308,-6.1647711,25
36.6736304,-6.1523177,nodo_561608628
36.5648491,-6.2028536,nodo_563359111
36.5356072,-6.168371,658
36.5453296,-6.1681558,658
36.5412113,-6.1621187,101
36.5360738,-6.1682176,nodo_563393028
36.5408681,-6.17098,102
36.5233988,-6.1633614,660
36.4686306,-6.1606075,668
36.4982271,-6.1442031,664
36.3555044,-6.0997246,15
38.0291796,-4.1634986,335
36.2893909,-6.0549203,26
36.2674066,-6.0284518,30
36.2741759,-6.028694,30
36.3482224,-6.0641094,19
36.3459019,-6.0584182,19
36.2560272,-5.9793346,36
36.2537327,-5.9876639,36
36.1719258,-5.459906,nodo_567472149
36.1768011,-5.4515501,1114
37.4540008,-4.4559055,47
37.5741218,-5.0043305,445
37.5844199,-4.9898962,444
37.7466343,-4.8473711,420
36.4693365,-5.0134576,1056A
37.3355855,-5.9198834,nodo_617231014
37.3351225,-5.9190345,nodo_617231018
36.6721743,-4.477835,nodo_634521060
37.3359388,-7.4967796,nodo_665484951
37.0940765,-4.6287082,142
37.0765983,-4.5328298,98
37.2836075,-4.4872641,72
38.0883279,-6.2617542,722
36.5521164,-4.6254007,1014
37.3802003,-5.9427546,3
37.3572252,-6.1772384,14
37.3576938,-6.165757,14
37.310618,-5.8913567,8
36.7183859,-4.5928578,57
36.5161893,-4.8255225,nodo_736559094
37.4676337,-5.716719,514
37.2636081,-7.0066283,5
37.2610206,-7.0108802,5
37.2170684,-7.0230714,10
37.331078,-6.8085803,nodo_799716403
37.2292586,-5.0930472,84
37.2353736,-5.0810234,85
37.2337629,-5.0843971,84A
37.2720304,-5.4932625,46
37.275006,-5.4874231,46
37.2631264,-5.5272804,43
37.2747142,-5.4465384,49B
37.4273937,-6.030617,808
37.4344607,-6.0324458,808
37.2393996,-7.3756983,129
37.2521594,-7.3347105,125
37.2389573,-7.3820626,129
37.2728225,-7.2533166,117
37.2485893,-7.3410388,125
38.1396544,-6.2748564,715
37.3911129,-5.8584966,5
37.5070352,-6.0702011,798
37.4623314,-6.0446872,805
37.5143618,-6.0740831,798
37.4587331,-6.0449273,nodo_860467083
37.4536731,-6.0431011,805
37.4350629,-5.8094726,nodo_861711665
37.255428,-5.5677412,nodo_868599666
37.3446144,-5.82215,12B
37.3496305,-5.8384198,11A
37.2928686,-5.947527,553
37.289539,-5.8746657,11
37.516339,-4.6287521,40
37.4172858,-4.4993283,nodo_878923531
37.5383179,-4.651375,36
37.5373903,-4.648378,36
37.5068419,-5.374917,482
37.5062327,-5.3777315,482
37.4068721,-4.530783,56
37.3233292,-7.0724046,99
37.7160014,-4.8671291,424
37.6780911,-4.9324373,432
37.7148239,-4.8731199,424
37.6569373,-4.9525514,434
37.6044512,-4.9704939,441
37.6078484,-4.9683009,441
37.5961511,-4.9764505,441
37.5257655,-5.2280462,468
37.5242466,-5.2401979,468
37.5272414,-5.2647881,471
37.5199348,-5.3135689,475
37.5246126,-5.305533,475
37.5103714,-5.3534713,480
37.5088206,-5.4143627,484
37.5097062,-5.4040268,484
37.5095673,-5.3593054,480
37.508496,-5.4223465,487
37.5038163,-5.4470534,487
37.4946427,-5.4750621,491
37.4905834,-5.4857237,491
37.4892707,-5.5078768,494
37.4850256,-5.5176798,494
37.5244049,-5.1298334,459
37.5237239,-5.1360602,459
37.5226577,-5.1893328,464
37.5231302,-5.1984377,464
37.5250539,-5.1207386,457
37.2468786,-5.0177997,92
37.2499888,-5.0096208,92
37.2575851,-4.9866178,95
37.2591915,-4.9789146,95
37.2649579,-4.9588081,97
36.7723473,-5.8141754,27
36.7699237,-5.8340403,24
37.1594096,-5.9097613,24
37.3606017,-4.4912772,62
37.3565639,-4.4900435,62
38.3746497,-6.3336004,687
38.024539,-6.2228731,730
37.9511844,-6.2305928,741
37.945318,-6.2284195,741
37.6263758,-6.1416166,782
37.6286874,-6.1460375,782
36.6946923,-4.4600652,6
37.294033,-4.8998079,103
36.4885135,-4.7273756,nodo_910439213
36.4888662,-4.7222418,nodo_910439245
36.6459284,-4.5130229,998
36.5152341,-4.8648503,184
36.5211296,-4.8651616,nodo_915705537
36.5136845,-4.9324089,1047
36.4846297,-4.9836418,1053
36.4729998,-5.0058592,1055
36.7192247,-4.6693964,49
36.7173892,-4.6657528,49
37.3409831,-6.5564625,1
37.3372386,-6.5546835,1
37.5228388,-5.2565858,471
37.3346979,-7.0267738,94
37.130399,-4.2873448,0
37.1154133,-4.3895224,167
37.0837252,-4.4569237,160
37.0658055,-4.5267232,98
37.0464556,-4.5121281,102
37.0185769,-4.3893118,16
37.0527691,-4.3634624,11
37.3144058,-7.4884307,3
37.3231534,-6.5401832,3
37.7633981,-6.16586,765
37.7727937,-6.1706504,765
37.9211268,-6.2258877,745
36.2030789,-5.5173165,80
37.1655225,-4.1818128,188
36.2614342,-5.5838037,70
38.0253809,-4.1661397,335
37.3412282,-5.9279069,4A
38.1728745,-4.9996157,nodo_946210140
38.1708347,-4.9969149,nodo_946210165
38.1740521,-5.0020981,nodo_946210215
37.6944104,-4.7415717,16
37.6859695,-4.746148,16
37.9223327,-4.7651256,nodo_952245870
37.9167021,-4.7597734,nodo_952245976
37.905668,-4.6087797,385
37.2421632,-7.4556436,1
36.6116756,-6.2068845,nodo_960792737
36.6888557,-6.1985247,23
36.6891076,-6.1989732,22
36.6908804,-6.2055931,22
36.6960162,-6.2171845,21
36.693631,-6.212146,21
36.715591,-6.2491528,17
36.7174042,-6.256321,17
36.7429636,-6.315788,10
36.7470938,-6.3172829,10
36.7493138,-6.3233295,nodo_960942212
36.749913,-6.3238186,nodo_960942220
36.7051589,-6.0691427,0
36.7783733,-6.0430977,nodo_966902424
36.7142888,-6.0419998,3
36.7162739,-6.0398763,3
36.7157153,-6.0010828,7
36.7189035,-6.0100181,7
36.7507557,-6.3694544,5
36.7423658,-6.3322959,9
36.7501454,-6.3632511,5
36.7472239,-6.321895,60B
36.7498543,-6.3184382,60
36.7443363,-6.3271132,8
37.2894966,-4.9086033,103
37.3011289,-4.8707536,106
36.4988637,-4.7918372,nodo_972342815
36.4950757,-4.7770388,192
36.4944625,-4.7703864,192
37.9476236,-4.5438274,377
37.9448179,-4.5491328,377
37.9868823,-4.2776797,348
37.9870086,-4.2854511,348
37.9947392,-4.2522779,348
37.9886949,-4.264305,348
37.4363994,-4.4743361,nodo_974061115
37.2745018,-4.820097,112
37.2748985,-4.8272502,112
37.2880182,-4.8594651,109
37.2833896,-4.8555714,109
36.4885479,-4.7284139,nodo_978856352
36.4890052,-4.7195405,nodo_980013867
36.4903781,-4.7080605,197
36.4911002,-4.703486,197
37.1683053,-4.0863363,197
37.5164923,-4.6286361,40
36.768001,-5.8407574,24
36.7567039,-4.4840817,989
36.7472169,-4.4994939,989
36.6863088,-4.4622748,5B
36.7565254,-4.4265595,142B
38.008888,-4.3820247,nodo_1009086053
37.4611241,-4.5756149,49
37.7756548,-4.750423,5
37.4066546,-4.5305487,56
37.7815704,-4.7495292,5
37.4433743,-4.5562503,51
37.2829477,-4.4886136,72
37.6103903,-4.6923243,27
37.614549,-4.6990659,27
36.4956025,-4.779681,nodo_1010588580
37.5293199,-5.0843445,455
37.530967,-5.0935892,455
37.9201518,-4.5861725,383
37.9524274,-4.5119599,374
37.9526472,-4.5176945,374
37.9864759,-4.2965767,350
37.9864365,-4.3053118,350
36.5273343,-5.9853485,17
36.5225615,-5.9826604,17
36.5725711,-6.0231699,10
36.5671983,-6.0208045,10
36.4689096,-5.8592688,31
36.4932569,-5.9314811,24
36.4459693,-5.7452397,42
36.4710015,-5.8065739,36
36.3051302,-5.5963895,66
36.2953962,-5.5922582,66
37.1637338,-4.5542833,86
37.0719725,-4.5713811,149
37.1699918,-4.551868,86
36.8114908,-4.4389916,136
36.9842062,-4.4609644,nodo_1015846943
37.0145096,-4.492456,nodo_1015852744
36.9930552,-4.472665,nodo_1015853686
36.8573783,-4.4430537,nodo_1015853952
37.1085828,-4.5619784,92
36.7754682,-4.4257018,140
37.072501,-4.5595879,149
37.1148539,-4.5655225,92
37.0960116,-4.6323845,142
37.1200743,-4.6713532,138
37.1167793,-4.6649714,138
36.5025649,-4.6836131,1024
37.3565287,-5.9503757,nodo_1060131941
37.456222,-5.9699325,nodo_1064874500
37.4517002,-5.9704486,nodo_1064874523
36.7434484,-4.4452203,985A
36.1629303,-5.4592807,1116 A
36.1671319,-5.4577809,1115B
36.7201425,-4.5118658,nodo_1080512779
36.7169838,-4.5143627,nodo_1080512855
36.7177154,-4.5089917,992
36.4889305,-4.7192233,196
36.5123183,-4.6352588,nodo_1081042121
36.4885823,-4.7447546,nodo_1081042311
36.4965204,-4.783505,nodo_1081042545
36.4883382,-4.7322165,nodo_1081042623
36.5071034,-4.6399552,1020
36.750675,-4.4944161,988
36.7621122,-4.4885204,24A
37.1983408,-5.9103818,nodo_1085360114
36.386924,-5.6528889,54
36.2124895,-5.5434572,77
36.7126256,-4.321569,3
36.7133278,-4.3266961,3
37.3988187,-7.525279,nodo_1113524010
38.0303531,-4.0529198,323
38.0304127,-4.0515465,323
37.1640286,-4.1847229,187
37.1619349,-4.1895658,187
37.1659286,-4.1727682,nodo_1117318337
37.1648339,-4.1650045,nodo_1117318481
37.1618471,-4.1245704,193
37.1810737,-4.0524029,200
37.1803282,-4.0614228,200
37.1880265,-4.0294546,203
37.1927603,-4.0241286,203
37.8967358,-4.6694536,391
37.899041,-4.6641295,391
36.492593,-4.750493,nodo_1119997640
36.4936153,-4.7530364,nodo_1120000879
36.4878448,-4.7370157,nodo_1120052593
36.4913272,-4.6950583,198
37.9947315,-4.4328619,364
37.9972534,-4.4284958,364
37.5524049,-5.0399102,450
36.5073397,-4.6494838,nodo_1121653940
36.2242488,-5.3491805,2
37.2706794,-4.7985942,113
38.1716398,-4.9985103,nodo_1134360021
36.4674474,-6.173187,nodo_1136283333
37.8396003,-4.8020791,3
36.466701,-5.0246616,nodo_1153473230
38.0368857,-4.1125377,329
38.0365846,-4.1100899,329
38.0392563,-4.0305169,321
36.5038792,-4.8091958,188
36.5055328,-4.8166585,188
36.5059618,-4.8202684,nodo_1188862954
36.5063538,-4.8247785,nodo_1188863003
36.5069386,-4.8374715,186
36.5053493,-4.8138156,188
36.5025772,-4.8066402,nodo_1189894042
36.5016445,-4.8039591,nodo_1189894075
36.4970805,-4.7858766,nodo_1189966822
36.5000451,-4.7968197,nodo_1190521610
36.4999124,-4.7966582,nodo_1192559791
37.452291,-4.45833,47
36.4890677,-6.2670107,1
37.1459599,-4.2546373,180
37.3630608,-6.0310063,1
36.4388383,-5.1340078,157
36.4407137,-5.101315,1065
36.4384966,-5.1048505,1065
36.4529024,-5.0805705,1062
36.5082151,-4.8575684,184
37.2281464,-5.3273739,63
36.5075409,-4.6491249,nodo_1254364952
36.5061153,-4.6543037,nodo_1254365251
36.5044605,-4.6709855,1023
36.4881495,-4.7347137,nodo_1254754905
36.4892411,-4.7149009,nodo_1254754935
37.5226868,-5.1500124,461
37.5214815,-5.1622341,461
37.3114379,-5.9010876,14
37.2395049,-5.8317923,17
36.6453225,-6.0809349,1
36.204283,-5.3841234,2
37.3827862,-6.066018,3
36.1861033,-5.3836861,2
37.0704334,-4.589687,146
36.505713,-4.8470443,185
36.5065319,-4.8437207,185
36.5070243,-4.8389296,nodo_1401104962
36.4911153,-4.6987296,198
36.4935419,-4.7531364,nodo_1402816482
36.4941133,-4.7671811,nodo_1402816502
36.4943636,-4.7703553,nodo_1402816518
36.4947898,-4.7736166,192
36.5016215,-4.8034778,nodo_1402816563
36.5024161,-4.8060338,nodo_1402816571
36.522454,-4.6303197,nodo_1402816618
36.526074,-4.6299282,1017C
36.5267741,-4.6296011,1017C
37.424168,-5.8423765,0
37.3879078,-5.858634,5
37.4308189,-5.8524904,526
36.6835363,-4.4663305,nodo_1479516935
36.6830535,-4.5264426,995
36.7606374,-4.4884891,24B
37.8221472,-4.7965734,409B
37.8439375,-4.8024099,3
36.9504659,-4.444329,nodo_1490910598
36.6691364,-4.46905,0
37.315454,-5.8956402,7
37.2942358,-5.9661162,22AB
37.3638922,-6.1039416,41
37.3763412,-6.1069516,nodo_1516337901
36.7147517,-4.4503251,nodo_1524534253
37.8947108,-4.7325576,398
36.4603642,-6.2483648,nodo_1527997870
36.4533523,-5.0777265,nodo_1528506161
36.4630776,-6.2523695,4
36.5156822,-4.8239614,nodo_1542757584
36.1872862,-5.4369727,1112 B
37.3703053,-5.8653653,9
37.3022986,-4.8825697,105
37.3019765,-4.8746317,105
37.2820449,-5.6765697,27
37.2967888,-5.712776,nodo_1604274827
37.29522,-5.710357,nodo_1604274896
36.436362,-5.1090539,nodo_1623697086
36.67188,-4.478222,2
36.7272697,-4.4537222,9
36.6489246,-6.1753444,645
36.6814695,-6.1604365,26
37.2417478,-7.4539689,1
37.2326527,-7.447893,nodo_1638377571
37.2295554,-7.4524708,18
37.1990145,-7.4990419,17
38.0468351,-4.8087342,nodo_1655839054
38.122439,-4.8974738,nodo_1665598420
38.1278753,-4.9056041,nodo_1665598422
37.9099395,-4.6014892,385
37.2144762,-4.5344834,82
37.2376128,-4.5404854,79
37.2607267,-4.5246057,76
37.2668323,-4.5198333,76
37.2214902,-4.7853988,120
37.1819097,-4.7763661,125
37.2280833,-4.7847198,120
37.1432459,-6.4986494,25
36.4350619,-5.1121378,nodo_1709250908
37.2128171,-5.8082197,nodo_1713120889
37.1403372,-4.2733748,178
37.0929218,-4.3155861,nodo_1753755263
36.7478797,-6.3205181,60
36.7441384,-6.3172673,nodo_1767950492
36.7470344,-6.3209689,nodo_1767950503
36.7479747,-6.3216126,nodo_1767952363
36.112039,-5.4570613,1122
36.4855224,-4.9786572,1053
37.1862666,-7.5574179,nodo_1832406295
36.6647677,-4.4688282,3
36.6716408,-4.5283285,995
36.6796942,-4.4713868,4A
36.7062485,-4.5137897,992
36.2862406,-5.3113908,1094
37.2936081,-7.4875035,2
36.7122783,-4.5106567,nodo_1859082411
36.7139251,-4.4920987,67
36.5358776,-6.1997289,104B
36.5368292,-6.1978758,105A
36.5382137,-6.1953177,104A
38.0070256,-4.195255,339
36.7780073,-5.8081758,27
38.0043586,-4.3470461,356
36.5383417,-6.1680376,nodo_1934337046
36.7264854,-4.5077866,992
36.7534264,-4.4720436,988
37.3821075,-6.0459168,2
37.3810681,-6.0413566,1B
36.7403885,-4.4489692,11
37.7502815,-4.842951,420
37.9179552,-4.5891313,383
37.9306627,-4.5795188,nodo_1963143461
36.4569873,-5.0567725,nodo_1967476245
37.2504245,-6.5202237,13
37.2680971,-6.5298453,11
37.2445924,-6.5158104,13
36.7023046,-4.4576596,7
36.7125404,-4.4636571,70
37.9184074,-6.2235359,745
37.2950281,-6.5276248,8
37.2897705,-6.525678,8
37.3613115,-5.9527102,6A
37.8772852,-4.7584265,401
37.905721,-4.7523376,266
36.4627984,-5.0410438,nodo_2217030204
36.506901,-4.8341226,187
37.6182434,-4.9607242,nodo_2255862954
37.6341985,-4.9569463,437
37.6391918,-4.9565725,437
37.5490157,-5.0425064,450
37.5766625,-4.9990483,445
37.5923099,-4.9794525,443
37.6598579,-4.9512768,434
37.5273531,-5.1038424,457
36.5653035,-6.1885176,665
36.6432798,-6.1820266,646A
36.7170556,-6.1094976,633
36.7313566,-6.0911512,631
37.6939232,-4.9200409,430
37.7000319,-4.9172707,430
36.7227995,-5.9175632,15
36.7136371,-5.9543388,11
36.2935129,-5.2956605,1092
38.1485172,-4.9738945,nodo_2560605066
38.1455667,-4.9690556,nodo_2560605067
36.5230049,-6.2227615,2
36.525302,-6.2395974,4
36.7146644,-4.450682,nodo_2614566247
36.6719748,-4.466562,3
37.8898184,-4.7202228,396
37.2320087,-5.3198274,63
37.2559488,-5.4112891,nodo_2641813524
37.2345768,-5.3719723,nodo_2641813660
37.2324356,-5.2176912,nodo_2641825969
37.2339828,-5.1608041,nodo_2641826003
36.4781131,-4.9957073,1055
36.4570736,-6.216686,7
37.8602825,-4.7711926,403
37.8617345,-4.7699761,403
37.527292,-5.2751153,nodo_3056339523
37.8177587,-4.7979544,nodo_3059960947
37.814182,-4.7967874,nodo_3059960948
37.2754348,-5.4859326,nodo_3065717594
37.2355518,-5.0463773,nodo_3066939248
37.2370541,-5.041844,nodo_3066939319
37.2550023,-5.4089298,nodo_3068611705
37.2609064,-5.42173,nodo_3068613392
37.1321508,-4.6897705,135
37.3797174,-6.0746276,5
37.4133654,-5.9969307,21
37.4135726,-6.0039744,nodo_3174628478
37.3165862,-7.48665,3
37.3589104,-7.5186369,nodo_3224288326
37.401051,-7.5241459,nodo_3224290991
37.4318923,-7.5323179,nodo_3224308813
36.5166446,-6.2319972,3
37.3300034,-5.8202494,14A
37.4531797,-5.7608416,nodo_3589376205
37.451519,-5.7654113,519
37.3681862,-6.1011029,41
37.2943818,-5.9735085,22A
37.1859477,-4.7822917,125
36.7130321,-4.3180791,2
37.2724854,-5.976049,553
37.2393785,-5.9106953,15
37.460441,-5.7377961,516
37.4619265,-5.733884,516
37.1606251,-4.1402763,nodo_3791889007
37.7660195,-4.822094,418
36.4987195,-4.687616,nodo_4009223186
37.3889275,-6.0334512,1
37.3838469,-6.057546,3
37.858233,-4.7740608,403
36.6541191,-4.4868163,nodo_4349649853
36.2075995,-5.4066214,116
36.4645033,-5.0334828,nodo_4545609652
36.4589772,-5.0515982,nodo_4557067213
36.1828782,-5.3813315,3
37.308708,-6.0982578,35
37.3150389,-6.09846,35
37.2955498,-5.9801085,22B
36.4922512,-4.9528363,1050A
36.4887594,-4.9577294,nodo_4702539746
36.6622584,-4.4841393,nodo_4843968774
36.4354403,-5.1397366,1068B
36.4368139,-5.1323913,1068B
36.4674505,-5.0211219,nodo_4915440027
36.4644402,-5.0341608,nodo_4923010629
36.9370763,-4.8644374,nodo_5020438565
36.9407358,-4.8667018,nodo_5020438739
37.2891048,-5.978537,549
37.187114,-7.5538831,nodo_5029692584
36.6674108,-4.4670644,nodo_5037860070
36.4885148,-4.9594808,nodo_5309131972
37.8237086,-4.7858925,0
37.3001497,-5.9382588,19
36.6829908,-4.4672467,4A
36.4336731,-5.1593057,1070A
36.4974048,-4.9481564,175
36.4954699,-4.9495255,1049
37.1280711,-4.2957611,176
37.1316235,-4.2864197,nodo_5471740529
37.1266487,-4.3069821,175
37.1282541,-4.3014994,175
37.1197142,-4.2951963,1
37.1169299,-4.2987192,1
37.3464925,-5.8865971,10
37.3225282,-5.8925392,13
37.4124586,-6.0320926,20B
37.4168382,-6.0319835,nodo_5534308047
37.4139043,-6.0298549,20B
37.411783,-6.0342387,nodo_5535076497
37.4139047,-6.031744,19
37.4079066,-6.0322202,19
37.3908286,-6.0266571,17B
37.3700756,-6.0139595,14
37.342203,-5.9799449,nodo_5590450396
36.4894365,-4.9561977,1050C
36.4533516,-5.0791393,1062
36.4725725,-5.0093081,1056A
36.4564754,-5.0578463,nodo_5924661219
37.8600684,-4.7721478,403
36.239263,-5.3426828,1101
36.2080661,-5.3471644,3
36.2122857,-5.3491992,3
36.2071427,-5.385664,0
36.2057524,-5.3852088,1
36.5205943,-6.226314,2
36.1751345,-5.4544786,1115 A
37.1590527,-4.2149743,185
37.1546009,-4.2243862,nodo_6344766562
36.4891222,-4.7146947,nodo_6908491673
36.4891712,-4.7147022,nodo_6908491675
36.6056708,-4.549284,1003
37.2999954,-5.9804138,nodo_7075544855
37.3891714,-6.0331974,0B
38.0091053,-4.1901245,339
37.217451,-5.9204487,562
37.3871444,-6.0251539,17B
37.3278837,-5.8162013,14B
37.1857218,-5.9243484,565
37.246777,-5.9234852,558
37.8299814,-4.7972152,2
36.4692851,-5.0138842,nodo_8712046074
36.2210281,-5.3503769,2
37.2148264,-6.9391094,18
37.204867,-6.9367631,nodo_9034942679
37.2661053,-6.9183143,11B
37.3900815,-6.0288174,1
36.7435944,-4.456803,985B
37.3768748,-5.8894853,5
37.413899,-6.0294382,20A
37.3601036,-5.9541347,6A
37.3584707,-5.956207,6B
37.1803238,-5.9275526,565
37.9960704,-4.7937364,254
37.2987699,-5.947953,19
37.3707114,-6.0299528,nodo_12069735453
37.3772417,-6.0267037,15B
36.7387549,-4.390229,981A
37.4085101,-5.9477041,nodo_13076312134
36.215496,-5.5483268,77
36.4672246,-6.1732743,nodo_13247539772
