Nombre,Latitud,Longitud,Municipio,Tipo,Area_Ha,Descripcion
Refinería de La Rábida,37.181103,-6.902295,Huelva,industrial,536.64,OSM: industrial | 536.6 ha | Huelva
Poligono_Brownfield_001,37.67994,-6.556287,Huelva,brownfield,395.73,OSM: brownfield | 395.7 ha | Huelva
Poligono_Industrial_001,36.660897,-5.839486,Cádiz,industrial,386.65,OSM: industrial | 386.6 ha | Cádiz
Polígono Industrial Carretera de la Isla,37.283007,-5.994877,Sevilla,industrial,308.0,OSM: industrial | 308.0 ha | Sevilla
Polígono Industrial Tartessos,37.308076,-6.87099,Huelva,industrial,294.64,OSM: industrial | 294.6 ha | Huelva
Puerto de Algeciras,36.130864,-5.433775,Cádiz,industrial,292.62,OSM: industrial | 292.6 ha | Cádiz
Poligono_Industrial_002,37.187989,-6.924669,Huelva,industrial,288.38,OSM: industrial | 288.4 ha | Huelva
Poligono_Industrial_003,36.609523,-6.198314,Cádiz,industrial,264.79,OSM: industrial | 264.8 ha | Cádiz
Refinería de Gibraltar-San Roque,36.188149,-5.400182,Cádiz,industrial,258.71,OSM: industrial | 258.7 ha | Cádiz
Polígono Industrial Francisco Montenegro,37.229327,-6.946866,Huelva,industrial,248.76,OSM: industrial | 248.8 ha | Huelva
Minas de Aguas Teñidas,37.774391,-6.852944,Huelva,industrial,246.31,OSM: industrial | 246.3 ha | Huelva
Polígono Industrial Las Quemadas,37.904495,-4.717417,Córdoba,industrial,236.64,OSM: industrial | 236.6 ha | Córdoba
General Dynamics European Land Systems / Santa Bárbara Sistemas,37.346633,-5.787958,Sevilla,industrial,196.58,OSM: industrial | 196.6 ha | Sevilla
Polígono Industrial El Portal,36.656878,-6.130845,Cádiz,industrial,174.65,OSM: industrial | 174.7 ha | Cádiz
Parque de Actividades Medioambientales de Andalucía,37.507264,-6.249718,Sevilla,industrial,126.61,OSM: industrial | 126.6 ha | Sevilla
Parque Empresarial El Esparragal,37.5174,-6.084425,Sevilla,industrial,125.23,OSM: industrial | 125.2 ha | Sevilla
Polígono Industrial Carretera Amarilla,37.391382,-5.950075,Sevilla,industrial,122.64,OSM: industrial | 122.6 ha | Sevilla
Parque Empresarial Príncipe Felipe,37.385055,-4.505896,Córdoba,industrial,121.68,OSM: industrial | 121.7 ha | Córdoba
Parque Empresarial,36.711024,-6.118536,Cádiz,industrial,119.61,OSM: industrial | 119.6 ha | Cádiz
Central Termosolar Solnova 1,37.412295,-6.26723,Sevilla,industrial,117.1,OSM: industrial | 117.1 ha | Sevilla
Navantia Puerto Real,36.515044,-6.240434,Cádiz,industrial,115.36,OSM: industrial | 115.4 ha | Cádiz
Polígono Industrial La Viñuela,37.416151,-4.475493,Córdoba,industrial,109.71,OSM: industrial | 109.7 ha | Córdoba
Acerinox,36.179842,-5.427893,Cádiz,industrial,104.19,OSM: industrial | 104.2 ha | Cádiz
Poligono_Industrial_004,36.621184,-6.291071,Cádiz,industrial,103.75,OSM: industrial | 103.8 ha | Cádiz
Parque Fotovoltaico El Esparragal II,37.54013,-6.102303,Sevilla,industrial,100.41,OSM: industrial | 100.4 ha | Sevilla
Central Termosolar PS20,37.44398,-6.259377,Sevilla,industrial,97.73,OSM: industrial | 97.7 ha | Sevilla
Planta Solar Fotovoltaica Poleo,37.720582,-5.936144,Sevilla,industrial,92.47,OSM: industrial | 92.5 ha | Sevilla
Polígono Industrial La Red Sur,37.371523,-5.88766,Sevilla,industrial,86.13,OSM: industrial | 86.1 ha | Sevilla
Poligono_Industrial_005,37.564541,-7.23633,Huelva,industrial,84.78,OSM: industrial | 84.8 ha | Huelva
Cantera Isabelita,36.752646,-5.764632,Cádiz,industrial,83.99,OSM: industrial | 84.0 ha | Cádiz
Polígono Industrial de las Cabezuelas,36.522158,-6.239893,Cádiz,industrial,83.76,OSM: industrial | 83.8 ha | Cádiz
Complejo Medioambiental de la Vega,37.594871,-6.00739,Sevilla,industrial,83.05,OSM: industrial | 83.0 ha | Sevilla
Polígono Industrial La Red Norte,37.375096,-5.881595,Sevilla,industrial,81.36,OSM: industrial | 81.4 ha | Sevilla
Planta Solar Fotovoltaica Cornicabra,37.715922,-5.933379,Sevilla,industrial,81.35,OSM: industrial | 81.3 ha | Sevilla
Polígono Industrial Alcalá X,37.36065,-5.882097,Sevilla,industrial,79.18,OSM: industrial | 79.2 ha | Sevilla
Central Termosolar PS10,37.44555,-6.24988,Sevilla,industrial,78.31,OSM: industrial | 78.3 ha | Sevilla
Polígono Industrial La Jara,37.297988,-6.819969,Huelva,industrial,78.15,OSM: industrial | 78.2 ha | Huelva
Zona Franca,36.500483,-6.265386,Cádiz,industrial,77.2,OSM: industrial | 77.2 ha | Cádiz
Planta Solar Fotovoltaica Santiponce,37.638223,-5.971112,Sevilla,industrial,69.75,OSM: industrial | 69.8 ha | Sevilla
APM Terminal Algeciras,36.141522,-5.438319,Cádiz,industrial,68.92,OSM: industrial | 68.9 ha | Cádiz
Poligono_Brownfield_002,38.295382,-5.271582,Córdoba,brownfield,66.64,OSM: brownfield | 66.6 ha | Córdoba
Zona de Actividades Logísticas de San Roque,36.232276,-5.431756,Cádiz,industrial,66.61,OSM: industrial | 66.6 ha | Cádiz
Poligono_Industrial_006,37.902263,-4.765766,Córdoba,industrial,66.42,OSM: industrial | 66.4 ha | Córdoba
Poligono_Industrial_007,37.712706,-6.589198,Huelva,industrial,65.94,OSM: industrial | 65.9 ha | Huelva
Polígono Industrial Calonge,37.409208,-5.954661,Sevilla,industrial,65.89,OSM: industrial | 65.9 ha | Sevilla
Polígono Industrial La Torrecilla,37.853292,-4.793338,Córdoba,industrial,65.85,OSM: industrial | 65.8 ha | Córdoba
Instalaciones Portuarias de Campamento,36.170047,-5.376093,Cádiz,puerto,65.43,OSM: puerto | 65.4 ha | Cádiz
Parque Industrial y de Servicios del Aljarafe,37.354803,-6.058094,Sevilla,industrial,64.92,OSM: industrial | 64.9 ha | Sevilla
Central Térmica de Los Barrios,36.182592,-5.419691,Cádiz,industrial,64.86,OSM: industrial | 64.9 ha | Cádiz
Polígono Industrial La Campiña,37.530003,-5.121207,Sevilla,industrial,64.73,OSM: industrial | 64.7 ha | Sevilla
Parque Científico y Tecnológico Cartuja,37.406388,-6.006498,Sevilla,comercial,64.3,OSM: comercial | 64.3 ha | Sevilla
Poligono_Brownfield_003,37.691589,-6.57208,Huelva,brownfield,63.24,OSM: brownfield | 63.2 ha | Huelva
Poligono_Industrial_008,37.196124,-5.79205,Sevilla,industrial,62.89,OSM: industrial | 62.9 ha | Sevilla
Polígono Industrial El Pino,37.38017,-5.92457,Sevilla,industrial,62.75,OSM: industrial | 62.8 ha | Sevilla
Polígono Industrial El Zabal,36.18524,-5.350187,Cádiz,industrial,61.55,OSM: industrial | 61.5 ha | Cádiz
Airbus Defence and Space - San Pablo Sur,37.411447,-5.881805,Sevilla,industrial,58.78,OSM: industrial | 58.8 ha | Sevilla
Poligono_Industrial_009,37.241383,-5.880567,Sevilla,industrial,58.44,OSM: industrial | 58.4 ha | Sevilla
Polígono Industrial Los Espartales,37.437355,-5.879047,Sevilla,industrial,58.4,OSM: industrial | 58.4 ha | Sevilla
Poligono_Industrial_010,37.502007,-4.665543,Córdoba,industrial,58.08,OSM: industrial | 58.1 ha | Córdoba
Puerto de Huelva,37.153753,-6.881165,Huelva,industrial,56.91,OSM: industrial | 56.9 ha | Huelva
Polígono Industrial Ciudad del Transporte,36.725212,-6.093016,Cádiz,industrial,56.33,OSM: industrial | 56.3 ha | Cádiz
Poligono_Industrial_011,37.246267,-5.550903,Sevilla,industrial,56.32,OSM: industrial | 56.3 ha | Sevilla
Parque logístico de Carmona,37.441104,-5.780591,Sevilla,industrial,56.3,OSM: industrial | 56.3 ha | Sevilla
Parque Empresarial PIBO,37.355069,-6.143043,Sevilla,industrial,56.27,OSM: industrial | 56.3 ha | Sevilla
Polígono Industrial Pelagatos,36.40385,-6.129797,Cádiz,industrial,55.61,OSM: industrial | 55.6 ha | Cádiz
Fábrica de Cemento de Jerez,36.620197,-6.074268,Cádiz,industrial,55.44,OSM: industrial | 55.4 ha | Cádiz
POLIVISO,37.400926,-5.712294,Sevilla,industrial,55.39,OSM: industrial | 55.4 ha | Sevilla
Polígono Industrial Dehesa Boyal,38.360323,-4.839372,Córdoba,industrial,55.25,OSM: industrial | 55.2 ha | Córdoba
Polígono Industrial deLa Menacha,36.159993,-5.465081,Cádiz,industrial,54.26,OSM: industrial | 54.3 ha | Cádiz
Polígono Industrial Cortijo Real,36.111862,-5.471642,Cádiz,industrial,54.0,OSM: industrial | 54.0 ha | Cádiz
Piscifactoria,37.242973,-7.41674,Huelva,industrial,53.23,OSM: industrial | 53.2 ha | Huelva
Polígono Industrial Amargacena,37.84779,-4.797301,Córdoba,industrial,52.92,OSM: industrial | 52.9 ha | Córdoba
Puerto de Cádiz,36.535186,-6.286685,Cádiz,industrial,52.5,OSM: industrial | 52.5 ha | Cádiz
Polígono Industrial Sepes,36.20238,-5.410542,Cádiz,industrial,52.32,OSM: industrial | 52.3 ha | Cádiz
Polígono Industrial La Negrilla,37.380892,-5.930971,Sevilla,industrial,50.28,OSM: industrial | 50.3 ha | Sevilla
Polígono Industrial Laguna Larga,37.37987,-5.879321,Sevilla,industrial,50.0,OSM: industrial | 50.0 ha | Sevilla
Aerópolis - Parque Tecnológico Aeroespacial de Andalucía,37.434879,-5.85985,Sevilla,industrial,49.81,OSM: industrial | 49.8 ha | Sevilla
Parque Empresarial Argentum,37.460155,-6.048863,Sevilla,industrial,48.96,OSM: industrial | 49.0 ha | Sevilla
Poligono_Industrial_012,37.929141,-4.650232,Córdoba,industrial,48.89,OSM: industrial | 48.9 ha | Córdoba
Poligono_Industrial_013,36.470586,-6.171954,Cádiz,industrial,48.78,OSM: industrial | 48.8 ha | Cádiz
Polígono Industrial El Garrotal,37.703805,-5.25891,Córdoba,industrial,48.45,OSM: industrial | 48.5 ha | Córdoba
Polígono Industrial El Cáñamo III,37.48154,-5.931267,Sevilla,industrial,48.34,OSM: industrial | 48.3 ha | Sevilla
Centro de Transporte de Mercancías de Sevilla,37.380711,-5.93779,Sevilla,industrial,46.49,OSM: industrial | 46.5 ha | Sevilla
Parque Logístico,36.867899,-6.033722,Sevilla,industrial,46.36,OSM: industrial | 46.4 ha | Sevilla
Polígono Industrial Ciudad del Transporte,36.720874,-6.088685,Cádiz,industrial,46.31,OSM: industrial | 46.3 ha | Cádiz
Polígono Industrial Incosur,36.177931,-5.369585,Cádiz,industrial,45.82,OSM: industrial | 45.8 ha | Cádiz
Polígono Industrial Gandul,37.361023,-5.757277,Sevilla,industrial,45.27,OSM: industrial | 45.3 ha | Sevilla
Huerto del Francés,37.40198,-4.754922,Córdoba,industrial,44.81,OSM: industrial | 44.8 ha | Córdoba
Polígono Industrial El Carpio,36.52883,-6.129945,Cádiz,industrial,44.72,OSM: industrial | 44.7 ha | Cádiz
Polígono Industrial San Nicolás,37.372377,-5.900185,Sevilla,industrial,44.36,OSM: industrial | 44.4 ha | Sevilla
Polígono Industrial Antolín,38.292912,-5.250144,Córdoba,industrial,43.72,OSM: industrial | 43.7 ha | Córdoba
Poligono_Industrial_014,37.192954,-6.883076,Huelva,industrial,43.63,OSM: industrial | 43.6 ha | Huelva
Parque Empresarial Oeste,36.679745,-6.155974,Cádiz,industrial,43.19,OSM: industrial | 43.2 ha | Cádiz
Polígono Ganadero La Jarosa,37.511948,-6.280809,Sevilla,industrial,43.0,OSM: industrial | 43.0 ha | Sevilla
Polígono Industrial San Pancracio,37.394034,-4.74093,Córdoba,industrial,42.03,OSM: industrial | 42.0 ha | Córdoba
Dragados Off-shore,36.526992,-6.248973,Cádiz,industrial,41.73,OSM: industrial | 41.7 ha | Cádiz
Poligono_Industrial_015,37.498208,-6.231308,Sevilla,industrial,41.45,OSM: industrial | 41.5 ha | Sevilla
Polígono Industrial Store,37.410473,-5.960109,Sevilla,industrial,41.25,OSM: industrial | 41.2 ha | Sevilla
Polígono Industrial El Cerro,37.557119,-6.033655,Sevilla,industrial,41.09,OSM: industrial | 41.1 ha | Sevilla
Poligono_Industrial_016,37.460244,-6.056521,Sevilla,industrial,40.99,OSM: industrial | 41.0 ha | Sevilla
Polígono Industrial El Cruce,37.311522,-5.892109,Sevilla,industrial,40.79,OSM: industrial | 40.8 ha | Sevilla
Poligono_Brownfield_004,36.729857,-5.92164,Cádiz,brownfield,40.75,OSM: brownfield | 40.8 ha | Cádiz
Zona Franca,37.335716,-5.999145,Sevilla,industrial,40.6,OSM: industrial | 40.6 ha | Sevilla
Poligono_Industrial_017,37.319032,-4.369681,Córdoba,industrial,40.5,OSM: industrial | 40.5 ha | Córdoba
Polígono Industrial Los Santos,37.422149,-4.520607,Córdoba,industrial,39.44,OSM: industrial | 39.4 ha | Córdoba
Polígono Industrial Tecnocórdoba,37.899379,-4.732079,Córdoba,industrial,39.25,OSM: industrial | 39.2 ha | Córdoba
Parque Empresarial Dehesa Boyal,37.363534,-6.54308,Huelva,industrial,38.39,OSM: industrial | 38.4 ha | Huelva
Poligono_Industrial_018,37.608955,-4.294842,Córdoba,industrial,38.18,OSM: industrial | 38.2 ha | Córdoba
Exolum Arahal I,37.249236,-5.581471,Sevilla,industrial,37.43,OSM: industrial | 37.4 ha | Sevilla
Polígono Industrial Las Palomas,37.396581,-4.506075,Córdoba,industrial,37.36,OSM: industrial | 37.4 ha | Córdoba
Poligono_Industrial_019,37.355397,-5.831464,Sevilla,industrial,37.14,OSM: industrial | 37.1 ha | Sevilla
Polígono Industrial La Gravera,37.280349,-7.235956,Huelva,industrial,36.87,OSM: industrial | 36.9 ha | Huelva
Cementos Portland Valderrivas,37.358831,-5.864135,Alcalá de Guadaira,industrial,36.8,OSM: industrial | 36.8 ha | Sevilla
Muelle de las Cabezuelas,36.521678,-6.252762,Cádiz,puerto,36.59,OSM: puerto | 36.6 ha | Cádiz
Heineken España,37.391289,-5.863058,Sevilla,industrial,36.44,OSM: industrial | 36.4 ha | Sevilla
Total Terminal International Algeciras,36.129784,-5.425452,Cádiz,industrial,36.18,OSM: industrial | 36.2 ha | Cádiz
Polígono Industrial Sepes,37.233339,-7.391172,Huelva,industrial,35.94,OSM: industrial | 35.9 ha | Huelva
Poligono_Industrial_020,37.297673,-5.911264,Sevilla,industrial,35.82,OSM: industrial | 35.8 ha | Sevilla
Polígono de Astilleros,37.34202,-5.997453,Sevilla,industrial,35.65,OSM: industrial | 35.6 ha | Sevilla
Polígono Industrial Aceitunero,37.267829,-5.929749,Sevilla,industrial,35.62,OSM: industrial | 35.6 ha | Sevilla
Parque Empresarial Zaudín,37.361036,-6.051193,Sevilla,industrial,35.44,OSM: industrial | 35.4 ha | Sevilla
Polígono Industrial Los Palillos,37.369743,-5.87499,Sevilla,industrial,34.89,OSM: industrial | 34.9 ha | Sevilla
Antiguo Hospital militar de San Pablo,37.405908,-5.89056,Sevilla,brownfield,34.84,OSM: brownfield | 34.8 ha | Sevilla
Parque Sevilla Industrial - Parsi,37.375516,-5.920436,Sevilla,industrial,34.72,OSM: industrial | 34.7 ha | Sevilla
Polígono Industrial El Palmar,36.616614,-6.206785,Cádiz,industrial,33.94,OSM: industrial | 33.9 ha | Cádiz
Polígono Industrial El Blanquillo,38.279035,-5.402695,Córdoba,industrial,33.59,OSM: industrial | 33.6 ha | Córdoba
Polígono Industrial El Algarrobito,37.257725,-6.823244,Huelva,industrial,33.13,OSM: industrial | 33.1 ha | Huelva
Área Logística de Córdoba,37.877487,-4.829381,Córdoba,industrial,33.08,OSM: industrial | 33.1 ha | Córdoba
Polígono Industrial Los Polvillares,37.413576,-4.508315,Córdoba,industrial,32.74,OSM: industrial | 32.7 ha | Córdoba
Polígono Industrial El Pilero,37.481794,-5.65,Sevilla,industrial,32.63,OSM: industrial | 32.6 ha | Sevilla
comercial,37.358923,-5.977786,Sevilla,comercial,32.19,OSM: comercial | 32.2 ha | Sevilla
Poligono_Brownfield_005,36.52107,-6.220729,Cádiz,brownfield,32.12,OSM: brownfield | 32.1 ha | Cádiz
Poligono_Industrial_021,37.346572,-5.991534,Sevilla,industrial,31.43,OSM: industrial | 31.4 ha | Sevilla
Zona de Actividades Logísticas Área del Fresno,36.169606,-5.460807,Cádiz,industrial,31.23,OSM: industrial | 31.2 ha | Cádiz
Zona de actividades logísticas Batán,37.351423,-5.9988,Sevilla,industrial,30.88,OSM: industrial | 30.9 ha | Sevilla
Poligono_Industrial_022,37.341878,-5.436097,Sevilla,industrial,30.47,OSM: industrial | 30.5 ha | Sevilla
Autologística de Andalucía,37.218894,-4.773828,Sevilla,comercial,30.29,OSM: comercial | 30.3 ha | Sevilla
Poligono_Industrial_023,37.245422,-5.109495,Sevilla,industrial,30.1,OSM: industrial | 30.1 ha | Sevilla
Parque Joyero,37.874808,-4.81499,Córdoba,industrial,29.96,OSM: industrial | 30.0 ha | Córdoba
Parque Tecnológico de TecnoBahía,36.650848,-6.263138,Cádiz,industrial,29.94,OSM: industrial | 29.9 ha | Cádiz
Astilleros de Cádiz - Navantia,36.528345,-6.280334,Cádiz,industrial,29.64,OSM: industrial | 29.6 ha | Cádiz
Polígono Industrial Espaldillas,37.367092,-5.891668,Sevilla,industrial,29.53,OSM: industrial | 29.5 ha | Sevilla
Poligono_Comercial_001,37.322183,-5.41155,Sevilla,comercial,29.46,OSM: comercial | 29.5 ha | Sevilla
Parque de Innovación Empresarial Soland,37.399914,-6.248765,Sevilla,industrial,29.39,OSM: industrial | 29.4 ha | Sevilla
Parque Tecnológico Agroindustrial de Jerez,36.73116,-6.08701,Cádiz,industrial,29.37,OSM: industrial | 29.4 ha | Cádiz
Polígono Industrial Piedra Hincada,37.349532,-5.828687,Sevilla,industrial,28.78,OSM: industrial | 28.8 ha | Sevilla
Poligono_Industrial_024,38.494068,-5.136809,Córdoba,industrial,28.65,OSM: industrial | 28.6 ha | Córdoba
Poligono_Industrial_025,36.956057,-5.800801,Sevilla,industrial,28.63,OSM: industrial | 28.6 ha | Sevilla
Parque Empresarial Palmetillo,37.37494,-5.906406,Sevilla,industrial,28.62,OSM: industrial | 28.6 ha | Sevilla
Parque Empresarial Vega del Rey,37.38073,-6.029772,Sevilla,comercial,28.59,OSM: comercial | 28.6 ha | Sevilla
Poligono_Industrial_026,37.416226,-4.489938,Córdoba,industrial,28.49,OSM: industrial | 28.5 ha | Córdoba
Poligono_Industrial_027,37.300104,-4.879809,Sevilla,industrial,28.47,OSM: industrial | 28.5 ha | Sevilla
Palmones II - P.E.T. Las Marismas,36.183317,-5.433025,Cádiz,industrial,28.4,OSM: industrial | 28.4 ha | Cádiz
Poligono_Industrial_028,36.750793,-6.338418,Cádiz,industrial,28.26,OSM: industrial | 28.3 ha | Cádiz
Polígono Industrial San Jorge,37.222025,-6.880237,Huelva,industrial,27.8,OSM: industrial | 27.8 ha | Huelva
Polígono Industrial El Cáñamo II,37.4865,-5.928941,Sevilla,industrial,27.47,OSM: industrial | 27.5 ha | Sevilla
Polígono Industrial La Palmera,37.304487,-5.971974,Sevilla,industrial,27.28,OSM: industrial | 27.3 ha | Sevilla
Polígono Industrial El Machorro,36.482482,-5.923973,Cádiz,industrial,27.05,OSM: industrial | 27.1 ha | Cádiz
Torneo Parque Empresarial,37.427027,-5.975157,Sevilla,comercial,26.85,OSM: comercial | 26.9 ha | Sevilla
Factoria de Hidrocarburos,37.807369,-4.79708,Córdoba,industrial,26.83,OSM: industrial | 26.8 ha | Córdoba
Polígono Cabeza Hermosa,37.35427,-5.864611,Sevilla,industrial,26.5,OSM: industrial | 26.5 ha | Sevilla
Poligono_Industrial_029,37.628046,-4.284043,Córdoba,industrial,26.48,OSM: industrial | 26.5 ha | Córdoba
Poligono_Industrial_030,37.224682,-4.781061,Sevilla,industrial,26.35,OSM: industrial | 26.4 ha | Sevilla
Polígono Industrial Los Arroyos,37.270876,-6.830511,Huelva,industrial,26.26,OSM: industrial | 26.3 ha | Huelva
Polígono Industrial Santa Bárbara,37.289923,-4.781033,Sevilla,industrial,26.24,OSM: industrial | 26.2 ha | Sevilla
Polígono Industrial Fuente del Rey,37.310366,-5.972546,Sevilla,industrial,26.21,OSM: industrial | 26.2 ha | Sevilla
Parque Empresarial La Raya,37.257332,-7.0169,Huelva,industrial,26.04,OSM: industrial | 26.0 ha | Huelva
Polígono Industrial La Estrella,37.295918,-6.05807,Sevilla,industrial,25.85,OSM: industrial | 25.9 ha | Sevilla
Central Térmica de Puente Nuevo,38.111687,-4.934391,Córdoba,industrial,25.83,OSM: industrial | 25.8 ha | Córdoba
Cobre Las Cruces,37.497368,-6.103194,Sevilla,industrial,25.56,OSM: industrial | 25.6 ha | Sevilla
Poligono_Comercial_002,37.564581,-6.752988,Huelva,comercial,25.32,OSM: comercial | 25.3 ha | Huelva
Polígono Industrial El Lirio,37.352902,-6.54173,Huelva,industrial,25.06,OSM: industrial | 25.1 ha | Huelva
Polígono Industrial Los Alberos,37.289064,-5.503424,Sevilla,industrial,24.97,OSM: industrial | 25.0 ha | Sevilla
Polígono Industrial La Vega,37.989479,-4.306874,Córdoba,industrial,24.76,OSM: industrial | 24.8 ha | Córdoba
Parque Solar Almodóvar del Río,37.836708,-4.980612,Córdoba,industrial,24.59,OSM: industrial | 24.6 ha | Córdoba
Central Térmica de Ciclo Combinado de Palos de la Frontera,37.184457,-6.884078,Huelva,industrial,24.57,OSM: industrial | 24.6 ha | Huelva
Parque Solar Pasajesol,37.838782,-4.971579,Córdoba,industrial,24.52,OSM: industrial | 24.5 ha | Córdoba
Poligono_Industrial_031,37.623957,-4.312269,Córdoba,industrial,23.99,OSM: industrial | 24.0 ha | Córdoba
Polígono Industrial Los Alfares,37.612893,-4.725054,Córdoba,industrial,23.96,OSM: industrial | 24.0 ha | Córdoba
Polígono Industrial Los Bermejales,37.351348,-6.678483,Huelva,industrial,23.95,OSM: industrial | 23.9 ha | Huelva
Puerto Sevilla,37.361498,-5.990838,Sevilla,industrial,23.6,OSM: industrial | 23.6 ha | Sevilla
Polígono Industrial El Peral,36.767109,-5.811788,Cádiz,industrial,23.48,OSM: industrial | 23.5 ha | Cádiz
Los Llanos,37.593235,-4.303278,Córdoba,industrial,22.95,OSM: industrial | 22.9 ha | Córdoba
Poligono_Industrial_032,37.573141,-4.66013,Córdoba,industrial,22.82,OSM: industrial | 22.8 ha | Córdoba
Polígono Industrial Tejares,37.226911,-5.322517,Sevilla,industrial,22.69,OSM: industrial | 22.7 ha | Sevilla
Polígono Industrial Los Santos,37.360322,-4.486004,Córdoba,industrial,22.64,OSM: industrial | 22.6 ha | Córdoba
Poligono_Industrial_033,37.238153,-4.573515,Córdoba,industrial,22.64,OSM: industrial | 22.6 ha | Córdoba
Polígono Industrial La Morera,37.202165,-5.804754,Sevilla,industrial,22.62,OSM: industrial | 22.6 ha | Sevilla
Poligono_Industrial_034,37.508217,-5.383029,Sevilla,industrial,22.46,OSM: industrial | 22.5 ha | Sevilla
Parque Empresarial Cuarto de la Huerta,37.582073,-5.958607,Sevilla,industrial,22.41,OSM: industrial | 22.4 ha | Sevilla
Poligono_Industrial_035,37.133894,-5.454018,Sevilla,industrial,22.35,OSM: industrial | 22.4 ha | Sevilla
Polígono Industrial Tablada,37.364217,-6.002138,Sevilla,industrial,22.2,OSM: industrial | 22.2 ha | Sevilla
Poligono_Industrial_036,37.938854,-4.466119,Córdoba,industrial,22.03,OSM: industrial | 22.0 ha | Córdoba
Los Remedios Picasat,36.939735,-5.223151,Sevilla,industrial,21.89,OSM: industrial | 21.9 ha | Sevilla
Poligono_Greenfield_001,37.87327,-4.844642,Córdoba,greenfield,21.72,OSM: greenfield | 21.7 ha | Córdoba
Polígono Industrial La Molina,37.259766,-4.991121,Sevilla,industrial,21.69,OSM: industrial | 21.7 ha | Sevilla
Polígono Industrial Majaloba,37.45714,-5.977572,Sevilla,industrial,21.64,OSM: industrial | 21.6 ha | Sevilla
Poligono_Comercial_003,37.239215,-5.131025,Sevilla,comercial,21.62,OSM: comercial | 21.6 ha | Sevilla
Polígono Industrial El Muro,37.166026,-5.939258,Sevilla,industrial,21.6,OSM: industrial | 21.6 ha | Sevilla
Siderúrgica Sevillana,37.362734,-5.887424,Alcalá de Guadaira,industrial,21.54,OSM: industrial | 21.5 ha | Sevilla
Poligono_Industrial_037,37.138891,-6.160925,Sevilla,industrial,21.46,OSM: industrial | 21.5 ha | Sevilla
Poligono_Industrial_038,37.508842,-6.229595,Sevilla,industrial,21.41,OSM: industrial | 21.4 ha | Sevilla
Polígono Industrial Los Postigos,37.596659,-4.483236,Córdoba,industrial,21.3,OSM: industrial | 21.3 ha | Córdoba
Poligono_Industrial_039,37.578649,-4.283902,Córdoba,industrial,21.29,OSM: industrial | 21.3 ha | Córdoba
Parque Empresarial Higuerón Sur,37.432319,-5.970927,Sevilla,comercial,21.24,OSM: comercial | 21.2 ha | Sevilla
Polígono Industrial El Olivar,36.205128,-5.927465,Cádiz,industrial,21.24,OSM: industrial | 21.2 ha | Cádiz
Polígono Industrial Camino Morente,38.005693,-4.385068,Córdoba,industrial,21.24,OSM: industrial | 21.2 ha | Córdoba
Polígono Industrial El Olmo,38.00412,-4.415293,Córdoba,industrial,21.22,OSM: industrial | 21.2 ha | Córdoba
Poligono_Industrial_040,36.290053,-6.068625,Cádiz,industrial,21.07,OSM: industrial | 21.1 ha | Cádiz
Central Térmica de Arcos,36.671985,-5.815949,Cádiz,industrial,20.89,OSM: industrial | 20.9 ha | Cádiz
Estación de Tratamiento de Agua Potable Montañes,36.520722,-6.04309,Cádiz,industrial,20.88,OSM: industrial | 20.9 ha | Cádiz
Polígono Industrial Los Cantosales,37.37674,-5.73667,Sevilla,industrial,20.77,OSM: industrial | 20.8 ha | Sevilla
Polígono Industrial Fuente Sol,37.378861,-5.7289,Sevilla,industrial,20.68,OSM: industrial | 20.7 ha | Sevilla
Polígono Industrial Bansur,37.380071,-5.891627,Sevilla,industrial,20.62,OSM: industrial | 20.6 ha | Sevilla
Polígono Industrial Guadial,37.364824,-6.247762,Sevilla,industrial,20.55,OSM: industrial | 20.6 ha | Sevilla
Poligono_Industrial_041,37.16343,-6.895397,Huelva,industrial,20.52,OSM: industrial | 20.5 ha | Huelva
Polígono Industrial Torrealcázar,37.309109,-6.240701,Sevilla,industrial,20.44,OSM: industrial | 20.4 ha | Sevilla
Centro de Comunicaciones por Satélite de Carmona,37.537717,-5.482802,Sevilla,industrial,20.34,OSM: industrial | 20.3 ha | Sevilla
Polígono Industrial Aeropuerto,37.393932,-5.94082,Sevilla,industrial,20.19,OSM: industrial | 20.2 ha | Sevilla
Polígono Industrial Labacante,37.37155,-6.247027,Sevilla,industrial,20.18,OSM: industrial | 20.2 ha | Sevilla
Polígono Industrial El Cañuelo,37.581499,-4.851348,Córdoba,industrial,20.09,OSM: industrial | 20.1 ha | Córdoba
Ence Biomasa 40,37.30599,-6.865216,Huelva,industrial,19.94,OSM: industrial | 19.9 ha | Huelva
Parque Empresarial Parque Plata,37.419467,-6.032876,Sevilla,industrial,19.81,OSM: industrial | 19.8 ha | Sevilla
Fábrica Santa Filomena,37.529443,-5.241581,Sevilla,industrial,19.44,OSM: industrial | 19.4 ha | Sevilla
Parque Empresarial de Levante,36.492973,-6.264936,Cádiz,industrial,19.43,OSM: industrial | 19.4 ha | Cádiz
Polígono Industrial Navaestrella,36.697233,-6.082935,Cádiz,industrial,19.42,OSM: industrial | 19.4 ha | Cádiz
Poligono_Industrial_042,36.718814,-6.097651,Cádiz,industrial,18.84,OSM: industrial | 18.8 ha | Cádiz
Fertiberia,37.221127,-6.945926,Huelva,industrial,18.79,OSM: industrial | 18.8 ha | Huelva
Poligono_Industrial_043,37.174278,-5.795295,Sevilla,industrial,18.74,OSM: industrial | 18.7 ha | Sevilla
Polígono Industrial de Trocadero,36.525594,-6.210578,Cádiz,industrial,18.55,OSM: industrial | 18.6 ha | Cádiz
Poligono_Industrial_044,37.163174,-5.456758,Sevilla,industrial,18.52,OSM: industrial | 18.5 ha | Sevilla
Polígono Industrial La Atalaya,37.479821,-4.43976,Córdoba,industrial,18.47,OSM: industrial | 18.5 ha | Córdoba
Explotación minera inactiva,36.959588,-5.333681,Cádiz,brownfield,18.46,OSM: brownfield | 18.5 ha | Cádiz
Campus Palmas Altas,37.338917,-5.978106,Sevilla,industrial,18.43,OSM: industrial | 18.4 ha | Sevilla
Airbus Defence and Space - San Pablo Norte,37.424416,-5.883452,Sevilla,industrial,18.21,OSM: industrial | 18.2 ha | Sevilla
Poligono_Comercial_004,37.376539,-6.833765,Huelva,comercial,18.16,OSM: comercial | 18.2 ha | Huelva
Puerto Comercial,36.593236,-6.22428,Cádiz,industrial,18.16,OSM: industrial | 18.2 ha | Cádiz
Polígono Industrial Zahorí,36.350403,-5.819261,Cádiz,industrial,17.98,OSM: industrial | 18.0 ha | Cádiz
Polígono Industrial La Chaparrilla,37.381076,-5.905114,Sevilla,industrial,17.93,OSM: industrial | 17.9 ha | Sevilla
Polígono Industrial Ciudad Blanca,37.266214,-5.922769,Sevilla,industrial,17.92,OSM: industrial | 17.9 ha | Sevilla
Poligono_Industrial_045,37.401096,-4.581113,Córdoba,industrial,17.8,OSM: industrial | 17.8 ha | Córdoba
Poligono_Greenfield_002,37.557038,-6.039679,Sevilla,greenfield,17.68,OSM: greenfield | 17.7 ha | Sevilla
Poligono_Industrial_046,37.777432,-6.771872,Huelva,industrial,17.67,OSM: industrial | 17.7 ha | Huelva
Polígono Industrial Quintos-Aeropuerto,37.85227,-4.862641,Córdoba,industrial,17.59,OSM: industrial | 17.6 ha | Córdoba
Poligono_Industrial_047,37.72376,-6.170078,Sevilla,industrial,17.56,OSM: industrial | 17.6 ha | Sevilla
Parque Tecnológico Dehesa de Valme,37.307335,-5.938159,Sevilla,comercial,17.32,OSM: comercial | 17.3 ha | Sevilla
Poligono_Industrial_048,37.227314,-5.305764,Sevilla,industrial,17.22,OSM: industrial | 17.2 ha | Sevilla
Poligono_Industrial_049,37.450436,-4.810893,Córdoba,industrial,17.15,OSM: industrial | 17.1 ha | Córdoba
Poligono_Industrial_050,37.890347,-4.375998,Córdoba,industrial,16.65,OSM: industrial | 16.6 ha | Córdoba
Polígono Industrial Puerta del Parque Natural,37.824329,-6.442415,Huelva,industrial,16.5,OSM: industrial | 16.5 ha | Huelva
Amazon SVQ1,37.271283,-5.989964,Dos Hermanas,industrial,16.49,OSM: industrial | 16.5 ha | Sevilla
Poligono_Industrial_051,37.1944,-5.752092,Sevilla,industrial,16.46,OSM: industrial | 16.5 ha | Sevilla
Polígono Industrial Las Lagunillas,37.66278,-4.927576,Córdoba,industrial,16.38,OSM: industrial | 16.4 ha | Córdoba
Polígono Industrial Fuente Palma,37.268351,-4.53268,Córdoba,industrial,16.35,OSM: industrial | 16.4 ha | Córdoba
Cementos Cosmos,37.359315,-6.672213,Huelva,industrial,16.34,OSM: industrial | 16.3 ha | Huelva
Vipren,36.41915,-6.178211,Cádiz,industrial,16.11,OSM: industrial | 16.1 ha | Cádiz
Polígono Industrial de Fadricas,36.473545,-6.204837,Cádiz,industrial,15.96,OSM: industrial | 16.0 ha | Cádiz
Polígono Industrial SAU15,37.676613,-4.925044,Córdoba,industrial,15.93,OSM: industrial | 15.9 ha | Córdoba
Polígono Industrial El Rosal,37.591483,-5.200131,Sevilla,industrial,15.77,OSM: industrial | 15.8 ha | Sevilla
Palmones I,36.178676,-5.442749,Cádiz,industrial,15.68,OSM: industrial | 15.7 ha | Cádiz
Sociedad Cooperativa Andaluza Las Palmeras,37.110441,-5.946048,Sevilla,industrial,15.43,OSM: industrial | 15.4 ha | Sevilla
Polígono Industrial VI Centenario,37.392993,-6.557565,Huelva,industrial,15.41,OSM: industrial | 15.4 ha | Huelva
Bioenergía Santamaría,37.359299,-4.501548,Córdoba,industrial,15.4,OSM: industrial | 15.4 ha | Córdoba
Polígono Industrial Fernando Guerrero,36.97867,-5.946795,Sevilla,industrial,15.37,OSM: industrial | 15.4 ha | Sevilla
Poligono_Industrial_052,37.973906,-4.4495,Córdoba,industrial,15.32,OSM: industrial | 15.3 ha | Córdoba
Poligono_Industrial_053,38.189606,-5.038546,Córdoba,industrial,15.28,OSM: industrial | 15.3 ha | Córdoba
Hytasal,37.367751,-5.963168,Sevilla,industrial,15.23,OSM: industrial | 15.2 ha | Sevilla
Polígono Industrial Pineda,37.335834,-5.966971,Sevilla,industrial,15.22,OSM: industrial | 15.2 ha | Sevilla
Poligono_Comercial_005,37.231024,-4.901103,Sevilla,comercial,15.15,OSM: comercial | 15.2 ha | Sevilla
Polígono Industrial Solucar,37.364945,-6.200384,Sevilla,industrial,15.11,OSM: industrial | 15.1 ha | Sevilla
Polígono Industrial San Roque,38.436501,-4.893313,Córdoba,industrial,15.11,OSM: industrial | 15.1 ha | Córdoba
Poligono_Greenfield_003,37.293899,-5.917048,Sevilla,greenfield,15.06,OSM: greenfield | 15.1 ha | Sevilla
Central Térmica de Ciclo Combinado Cristóbal Colón,37.216041,-6.943596,Huelva,industrial,15.04,OSM: industrial | 15.0 ha | Huelva
Polígono Industrial Itálica,37.452439,-6.046038,Sevilla,industrial,14.93,OSM: industrial | 14.9 ha | Sevilla
Central Térmica de Ciclo Combinado de la Bahía de Algeciras,36.183908,-5.388342,Cádiz,industrial,14.93,OSM: industrial | 14.9 ha | Cádiz
Poligono_Industrial_054,36.298961,-5.874801,Cádiz,industrial,14.76,OSM: industrial | 14.8 ha | Cádiz
Parque Tecnológico-Empresarial I,36.209051,-5.43071,Cádiz,comercial,14.74,OSM: comercial | 14.7 ha | Cádiz
Poligono_Industrial_055,37.249212,-7.197155,Huelva,industrial,14.73,OSM: industrial | 14.7 ha | Huelva
Poligono_Comercial_006,37.304884,-4.880227,Sevilla,comercial,14.64,OSM: comercial | 14.6 ha | Sevilla
Williams & Humbert,36.672561,-6.155665,Cádiz,industrial,14.62,OSM: industrial | 14.6 ha | Cádiz
Ceramica,36.204927,-5.399025,Cádiz,industrial,14.58,OSM: industrial | 14.6 ha | Cádiz
Polígono Industrial Cerro de la Virgen,37.884911,-4.374989,Córdoba,industrial,14.37,OSM: industrial | 14.4 ha | Córdoba
Polígono el Junquillo,37.472161,-4.451688,Córdoba,industrial,14.24,OSM: industrial | 14.2 ha | Córdoba
Polígono Industrial La Orejona,37.468678,-5.340791,Sevilla,industrial,14.1,OSM: industrial | 14.1 ha | Sevilla
Ence I,37.308622,-6.858755,Huelva,industrial,14.09,OSM: industrial | 14.1 ha | Huelva
Parque Empresarial Vereda de la Herrería,37.366912,-6.256667,Sevilla,industrial,14.09,OSM: industrial | 14.1 ha | Sevilla
Poligono_Industrial_056,38.182334,-5.044173,Córdoba,industrial,14.07,OSM: industrial | 14.1 ha | Córdoba
Polígono Industrial La Cañada,37.589637,-5.206092,Sevilla,industrial,14.05,OSM: industrial | 14.1 ha | Sevilla
Poligono_Comercial_007,37.874708,-4.835699,Córdoba,comercial,13.99,OSM: comercial | 14.0 ha | Córdoba
Poligono_Industrial_057,37.512564,-4.649111,Córdoba,industrial,13.96,OSM: industrial | 14.0 ha | Córdoba
Poligono_Industrial_058,37.082736,-5.89303,Sevilla,industrial,13.89,OSM: industrial | 13.9 ha | Sevilla
Polígono Industrial San Ildefonso,37.82059,-4.997591,Córdoba,industrial,13.84,OSM: industrial | 13.8 ha | Córdoba
Poligono_Industrial_059,37.421579,-4.48837,Córdoba,industrial,13.83,OSM: industrial | 13.8 ha | Córdoba
Poligono_Industrial_060,36.711931,-6.037786,Cádiz,industrial,13.75,OSM: industrial | 13.8 ha | Cádiz
Polígono Industrial La Vega,37.460538,-4.190682,Córdoba,industrial,13.71,OSM: industrial | 13.7 ha | Córdoba
Polígono Industrial Los Baldíos,37.104606,-4.989162,Sevilla,industrial,13.6,OSM: industrial | 13.6 ha | Sevilla
Exolum Arahal II,37.239297,-5.60059,Sevilla,industrial,13.38,OSM: industrial | 13.4 ha | Sevilla
Maxam El Garrobo,37.600449,-6.168393,Sevilla,industrial,13.38,OSM: industrial | 13.4 ha | Sevilla
Polígono Industrial El Gran Poder-Pelagatos,37.53981,-5.880899,Sevilla,industrial,13.38,OSM: industrial | 13.4 ha | Sevilla
Polígono Industrial Polirrosa,37.264683,-6.921165,Huelva,industrial,13.36,OSM: industrial | 13.4 ha | Huelva
Polígono Industrial El Bujeo,37.363631,-4.839306,Sevilla,industrial,13.26,OSM: industrial | 13.3 ha | Sevilla
Poligono_Industrial_061,37.588488,-5.749834,Sevilla,industrial,13.23,OSM: industrial | 13.2 ha | Sevilla
Dragados,36.217209,-5.438045,Cádiz,industrial,13.15,OSM: industrial | 13.2 ha | Cádiz
Poligono_Industrial_062,37.302139,-5.89235,Sevilla,industrial,13.05,OSM: industrial | 13.1 ha | Sevilla
Poligono_Industrial_063,36.74678,-6.067217,Cádiz,industrial,13.03,OSM: industrial | 13.0 ha | Cádiz
Polígono Industrial Guadalquivir,37.320105,-6.030608,Gelves,industrial,12.99,OSM: industrial | 13.0 ha | Sevilla
Polígono Industrial El Pontón,37.918139,-6.83527,Huelva,industrial,12.78,OSM: industrial | 12.8 ha | Huelva
Poligono_Brownfield_006,37.370748,-5.910211,Sevilla,brownfield,12.74,OSM: brownfield | 12.7 ha | Sevilla
Terminal logística ferroviaria Majarabique,37.447957,-5.966564,Sevilla,logistica,12.66,OSM: logistica | 12.7 ha | Sevilla
Poligono_Industrial_064,37.466643,-4.568731,Córdoba,industrial,12.6,OSM: industrial | 12.6 ha | Córdoba
Poligono_Industrial_065,37.128833,-6.171338,Sevilla,industrial,12.54,OSM: industrial | 12.5 ha | Sevilla
Polígono Industrial La Vega,36.026191,-5.609236,Cádiz,industrial,12.41,OSM: industrial | 12.4 ha | Cádiz
Poligono_Industrial_066,37.022392,-5.968585,Sevilla,industrial,12.41,OSM: industrial | 12.4 ha | Sevilla
Cooperativa Agraria Nuestra Señora de las Virtudes,37.223521,-5.288801,Sevilla,industrial,12.41,OSM: industrial | 12.4 ha | Sevilla
Poligono_Industrial_067,37.257128,-5.534332,Sevilla,industrial,12.35,OSM: industrial | 12.3 ha | Sevilla
Poligono_Industrial_068,37.508013,-4.657551,Córdoba,industrial,12.34,OSM: industrial | 12.3 ha | Córdoba
Desguace Pedro García,37.243528,-5.83263,Sevilla,industrial,12.26,OSM: industrial | 12.3 ha | Sevilla
Parque Solar El Rocío II - Instalación 1,37.155085,-6.50482,Huelva,industrial,12.21,OSM: industrial | 12.2 ha | Huelva
Polígono Industrial El Gordillo,37.455696,-5.948621,Sevilla,industrial,12.1,OSM: industrial | 12.1 ha | Sevilla
Polígono Industrial Huerta del Pino,37.361213,-6.328337,Sevilla,industrial,12.1,OSM: industrial | 12.1 ha | Sevilla
Polígono Industrial Los Emprendedores,37.575522,-5.430951,Sevilla,industrial,12.1,OSM: industrial | 12.1 ha | Sevilla
Poligono_Industrial_069,38.088493,-5.811262,Sevilla,industrial,12.07,OSM: industrial | 12.1 ha | Sevilla
Polígono Industrial El Barrial,36.864487,-6.171494,Cádiz,industrial,12.04,OSM: industrial | 12.0 ha | Cádiz
Poligono_Industrial_070,37.195884,-4.769444,Sevilla,industrial,12.04,OSM: industrial | 12.0 ha | Sevilla
Poligono_Industrial_071,37.456243,-4.701264,Córdoba,industrial,12.02,OSM: industrial | 12.0 ha | Córdoba
Polígono Industrial La Palmosa,36.439088,-5.71629,Cádiz,industrial,11.91,OSM: industrial | 11.9 ha | Cádiz
Poligono_Industrial_072,38.270814,-5.202051,Córdoba,industrial,11.86,OSM: industrial | 11.9 ha | Córdoba
Poligono_Industrial_073,37.15248,-5.979437,Sevilla,industrial,11.86,OSM: industrial | 11.9 ha | Sevilla
Poligono_Industrial_074,37.464262,-4.268286,Córdoba,industrial,11.82,OSM: industrial | 11.8 ha | Córdoba
Polígono Industrial La Jarilla,37.481804,-5.914919,Sevilla,industrial,11.82,OSM: industrial | 11.8 ha | Sevilla
Polígono Industrial El Buitrón,37.326906,-6.842778,San Juan del Puerto,industrial,11.8,OSM: industrial | 11.8 ha | Huelva
Puerto Comercial,36.582499,-6.234262,Cádiz,industrial,11.72,OSM: industrial | 11.7 ha | Cádiz
FV Vela Energy,37.45739,-5.846063,Sevilla,industrial,11.71,OSM: industrial | 11.7 ha | Sevilla
Polígono Industrial Mantón de Manila,37.474236,-4.457855,Córdoba,industrial,11.58,OSM: industrial | 11.6 ha | Córdoba
Polígono Industrial Los Viñazos,37.347971,-4.992254,Sevilla,industrial,11.56,OSM: industrial | 11.6 ha | Sevilla
Instalación de Almacenamiento de Rota,36.624599,-6.284633,Cádiz,industrial,11.52,OSM: industrial | 11.5 ha | Cádiz
Poligono_Brownfield_007,37.327784,-5.988023,Sevilla,brownfield,11.51,OSM: brownfield | 11.5 ha | Sevilla
Polígono Industrial Gallardo,37.664267,-4.937566,Córdoba,industrial,11.51,OSM: industrial | 11.5 ha | Córdoba
Poligono_Industrial_075,37.437902,-5.807299,Sevilla,industrial,11.46,OSM: industrial | 11.5 ha | Sevilla
Poligono_Industrial_076,37.116156,-6.013154,Sevilla,industrial,11.45,OSM: industrial | 11.4 ha | Sevilla
Poligono_Industrial_077,37.140993,-5.452216,Sevilla,industrial,11.4,OSM: industrial | 11.4 ha | Sevilla
Polígono Industrial Cerro del Prado (Repsol),36.199098,-5.419147,Cádiz,industrial,11.31,OSM: industrial | 11.3 ha | Cádiz
Polígono Industrial Piedra Blanca,37.245587,-4.928047,Sevilla,industrial,11.23,OSM: industrial | 11.2 ha | Sevilla
Hitachi Energy Spain Córdoba,37.874763,-4.808254,Córdoba,industrial,11.2,OSM: industrial | 11.2 ha | Córdoba
Bodegas Garvey,36.701931,-6.144802,Cádiz,industrial,11.19,OSM: industrial | 11.2 ha | Cádiz
Polígono Industrial Heliche,37.422797,-6.150533,Sevilla,industrial,11.14,OSM: industrial | 11.1 ha | Sevilla
Poligono_Brownfield_008,36.683433,-6.125445,Cádiz,brownfield,11.11,OSM: brownfield | 11.1 ha | Cádiz
Polígono Industrial Virgen del Rocío,37.525327,-5.083182,Sevilla,industrial,11.04,OSM: industrial | 11.0 ha | Sevilla
Polígono Industrial Navisur,37.427946,-6.040145,Sevilla,industrial,11.03,OSM: industrial | 11.0 ha | Sevilla
Poligono_Brownfield_009,36.48294,-6.193398,Cádiz,brownfield,11.03,OSM: brownfield | 11.0 ha | Cádiz
Poligono_Industrial_078,37.331467,-5.401206,Sevilla,industrial,10.98,OSM: industrial | 11.0 ha | Sevilla
Poligono_Industrial_079,37.192248,-6.891893,Huelva,industrial,10.83,OSM: industrial | 10.8 ha | Huelva
Subestación de Don Rodrigo,37.245196,-5.843468,Sevilla,industrial,10.8,OSM: industrial | 10.8 ha | Sevilla
Cuesta del Molino,37.393599,-4.772127,Córdoba,industrial,10.8,OSM: industrial | 10.8 ha | Córdoba
Polígono Industrial La Estación,37.517564,-6.261015,Sevilla,industrial,10.78,OSM: industrial | 10.8 ha | Sevilla
Polígono Industrial La Barca,37.285493,-7.168582,Huelva,industrial,10.74,OSM: industrial | 10.7 ha | Huelva
Polígono Industrial Servialsa,37.381703,-6.085849,Sevilla,industrial,10.68,OSM: industrial | 10.7 ha | Sevilla
Polígono Industrial La Fuentecilla,37.34992,-5.219709,Sevilla,industrial,10.68,OSM: industrial | 10.7 ha | Sevilla
Poligono Industrial La Lagunilla,36.737219,-6.422778,Cádiz,industrial,10.67,OSM: industrial | 10.7 ha | Cádiz
Poligono_Industrial_080,37.896324,-6.623178,Huelva,industrial,10.64,OSM: industrial | 10.6 ha | Huelva
Ayala,37.222004,-5.814797,Sevilla,comercial,10.62,OSM: comercial | 10.6 ha | Sevilla
Poligono_Industrial_081,38.375899,-4.864374,Córdoba,industrial,10.61,OSM: industrial | 10.6 ha | Córdoba
Complejo Industrial Zero Waste Energy,37.470863,-4.494827,Córdoba,industrial,10.6,OSM: industrial | 10.6 ha | Córdoba
FASA Renault,37.433296,-5.976644,Sevilla,industrial,10.52,OSM: industrial | 10.5 ha | Sevilla
Polígono Industrial El Limero,37.551991,-5.077976,Sevilla,industrial,10.52,OSM: industrial | 10.5 ha | Sevilla
Polígono Industrial La Matallana,37.593752,-4.740429,Córdoba,industrial,10.51,OSM: industrial | 10.5 ha | Córdoba
Poligono_Industrial_082,37.527235,-4.654139,Córdoba,industrial,10.5,OSM: industrial | 10.5 ha | Córdoba
Polígono Industrial Los Bermejales,37.437244,-4.100266,Córdoba,industrial,10.49,OSM: industrial | 10.5 ha | Córdoba
TomSur,37.014438,-5.946633,Las Cabezas de San Juan,industrial,10.47,OSM: industrial | 10.5 ha | Sevilla
Parque Solar El Rocío I - Fotoisla 10,37.150579,-6.503947,Huelva,industrial,10.4,OSM: industrial | 10.4 ha | Huelva
Poligono_Industrial_083,37.434832,-4.538006,Córdoba,industrial,10.4,OSM: industrial | 10.4 ha | Córdoba
Polígono Las Baderas,37.307142,-6.29564,Sevilla,industrial,10.32,OSM: industrial | 10.3 ha | Sevilla
Poligono_Industrial_084,37.122843,-5.433703,Sevilla,industrial,10.29,OSM: industrial | 10.3 ha | Sevilla
Polígono Industrial Los Ruedos,37.861386,-4.31938,Córdoba,industrial,10.25,OSM: industrial | 10.2 ha | Córdoba
Nueva Fábrica Ybarra,37.256804,-5.93062,Sevilla,industrial,10.24,OSM: industrial | 10.2 ha | Sevilla
Poligono_Industrial_085,36.585871,-6.181645,Cádiz,industrial,10.23,OSM: industrial | 10.2 ha | Cádiz
Poligono_Industrial_086,37.363249,-5.996259,Sevilla,industrial,10.18,OSM: industrial | 10.2 ha | Sevilla
Poligono_Industrial_087,37.943525,-4.488348,Córdoba,industrial,10.16,OSM: industrial | 10.2 ha | Córdoba
Polígono Industrial El Granadal,37.889616,-4.748649,Córdoba,industrial,10.14,OSM: industrial | 10.1 ha | Córdoba
Poligono_Industrial_088,37.181281,-5.811681,Sevilla,industrial,10.09,OSM: industrial | 10.1 ha | Sevilla
Poligono_Industrial_089,37.926682,-6.773903,Huelva,industrial,10.05,OSM: industrial | 10.1 ha | Huelva
Poligono_Industrial_090,37.267645,-5.503771,Sevilla,industrial,10.05,OSM: industrial | 10.1 ha | Sevilla
Polígono Industrial Cantalgallo,37.897084,-6.570128,Huelva,industrial,10.04,OSM: industrial | 10.0 ha | Huelva
Polígono Industrial de Almodaine,37.1756,-5.927058,Sevilla,industrial,10.03,OSM: industrial | 10.0 ha | Sevilla
Pantoja Grupo Logistico,37.442072,-6.032678,Santiponce,logistica,6.69,OSM: logistica | 6.7 ha | Sevilla
Poligono_Puerto_001,36.010027,-5.603904,Cádiz,puerto,6.34,OSM: puerto | 6.3 ha | Cádiz
CANLA,37.400945,-5.731144,Sevilla,nave_industrial,6.14,OSM: nave_industrial | 6.1 ha | Sevilla
Almacén Merkamueble,37.361263,-6.149181,Sevilla,almacen,4.32,OSM: almacen | 4.3 ha | Sevilla
Depósitos de tabaco,36.506828,-6.272096,Cádiz,almacen,4.0,OSM: almacen | 4.0 ha | Cádiz
Poligono_Nave_industrial_001,37.883098,-4.830813,Córdoba,nave_industrial,3.98,OSM: nave_industrial | 4.0 ha | Córdoba
Poligono_Nave_industrial_002,37.845887,-4.912402,Córdoba,nave_industrial,3.27,OSM: nave_industrial | 3.3 ha | Córdoba
Antigua Flex,37.353026,-5.843272,Sevilla,nave_industrial,2.97,OSM: nave_industrial | 3.0 ha | Sevilla
Sociedad Cooperativa Agraria Virgen del Rocío,36.829917,-6.317241,Cádiz,nave_industrial,2.93,OSM: nave_industrial | 2.9 ha | Cádiz
Poligono_Nave_industrial_003,37.181741,-6.923311,Huelva,nave_industrial,2.8,OSM: nave_industrial | 2.8 ha | Huelva
Poligono_Nave_industrial_004,37.34562,-5.939737,Sevilla,nave_industrial,2.71,OSM: nave_industrial | 2.7 ha | Sevilla
Centro de Recepción de Residuos Las Calandrias,36.608163,-6.125528,Cádiz,nave_industrial,2.47,OSM: nave_industrial | 2.5 ha | Cádiz
Poligono_Nave_industrial_005,37.322823,-6.676233,Huelva,nave_industrial,2.34,OSM: nave_industrial | 2.3 ha | Huelva
Grupag,37.269906,-5.995413,Sevilla,nave_industrial,2.24,OSM: nave_industrial | 2.2 ha | Sevilla
Poligono_Nave_industrial_006,37.476456,-5.954922,Sevilla,nave_industrial,2.24,OSM: nave_industrial | 2.2 ha | Sevilla
Empresa de químicos,37.802057,-5.119426,Córdoba,nave_industrial,2.21,OSM: nave_industrial | 2.2 ha | Córdoba
Alcaidesa Varadero,36.159285,-5.357647,Cádiz,puerto,2.17,OSM: puerto | 2.2 ha | Cádiz
Poligono_Nave_industrial_007,37.388511,-5.94363,Sevilla,nave_industrial,2.16,OSM: nave_industrial | 2.2 ha | Sevilla
Poligono_Nave_industrial_008,37.342304,-4.852917,Sevilla,nave_industrial,2.14,OSM: nave_industrial | 2.1 ha | Sevilla
Polisur Nave,37.292456,-7.214906,Huelva,almacen,1.97,OSM: almacen | 2.0 ha | Huelva
Poligono_Nave_industrial_009,37.804843,-5.109473,Córdoba,nave_industrial,1.86,OSM: nave_industrial | 1.9 ha | Córdoba
Bayport,36.604695,-6.191165,Cádiz,nave_industrial,1.86,OSM: nave_industrial | 1.9 ha | Cádiz
Transformaciones Ferricas Centrosur S.L,37.276068,-5.99713,Sevilla,nave_industrial,1.79,OSM: nave_industrial | 1.8 ha | Sevilla
Poligono_Nave_industrial_010,38.4804,-5.121501,Córdoba,nave_industrial,1.71,OSM: nave_industrial | 1.7 ha | Córdoba
Sweeps - La Casera,37.377957,-5.898117,Sevilla,nave_industrial,1.69,OSM: nave_industrial | 1.7 ha | Sevilla
General Dynamics European Land Systems / Santa Bárbara Sistemas,37.338743,-5.80077,Alcalá de Guadaíra,nave_industrial,1.6,OSM: nave_industrial | 1.6 ha | Sevilla
Poligono_Nave_industrial_011,37.252982,-7.229966,Huelva,nave_industrial,1.54,OSM: nave_industrial | 1.5 ha | Huelva
Poligono_Nave_industrial_012,37.490386,-5.932336,Sevilla,nave_industrial,1.51,OSM: nave_industrial | 1.5 ha | Sevilla
Poligono_Nave_industrial_013,37.431149,-5.886616,Sevilla,nave_industrial,1.51,OSM: nave_industrial | 1.5 ha | Sevilla
Centro logístico Amazon - Puerto,37.346767,-5.999934,Sevilla,nave_industrial,1.48,OSM: nave_industrial | 1.5 ha | Sevilla
Poligono_Nave_industrial_014,38.211283,-5.143235,Córdoba,nave_industrial,1.47,OSM: nave_industrial | 1.5 ha | Córdoba
Poligono_Nave_industrial_015,37.299042,-6.31334,Sevilla,nave_industrial,1.45,OSM: nave_industrial | 1.4 ha | Sevilla
BAUBLOCK,36.611045,-6.191383,Cádiz,nave_industrial,1.41,OSM: nave_industrial | 1.4 ha | Cádiz
Poligono_Almacen_001,37.569593,-5.430992,Sevilla,almacen,1.41,OSM: almacen | 1.4 ha | Sevilla
Cisternas Amarillo SL,37.453155,-5.7649,Carmona,logistica,1.37,OSM: logistica | 1.4 ha | Sevilla
Poligono_Nave_industrial_016,37.989935,-4.280544,Córdoba,nave_industrial,1.37,OSM: nave_industrial | 1.4 ha | Córdoba
Poligono_Nave_industrial_017,36.946944,-6.097069,Sevilla,nave_industrial,1.36,OSM: nave_industrial | 1.4 ha | Sevilla
Poligono_Nave_industrial_018,37.388927,-5.95609,Sevilla,nave_industrial,1.34,OSM: nave_industrial | 1.3 ha | Sevilla
Poligono_Nave_industrial_019,37.463531,-6.000669,Sevilla,nave_industrial,1.32,OSM: nave_industrial | 1.3 ha | Sevilla
Poligono_Nave_industrial_020,37.926074,-4.643405,Córdoba,nave_industrial,1.32,OSM: nave_industrial | 1.3 ha | Córdoba
Harineras VILAFRANQUINA,36.505338,-6.264234,Cádiz,nave_industrial,1.31,OSM: nave_industrial | 1.3 ha | Cádiz
Poligono_Nave_industrial_021,36.727016,-5.927477,Cádiz,nave_industrial,1.23,OSM: nave_industrial | 1.2 ha | Cádiz
Plastienvase,37.857182,-4.891653,Córdoba,nave_industrial,1.2,OSM: nave_industrial | 1.2 ha | Córdoba
Antiguo Vivero Alcaidesa,36.270067,-5.37382,Cádiz,almacen,1.19,OSM: almacen | 1.2 ha | Cádiz
Poligono_Nave_industrial_022,37.238267,-6.953219,Huelva,nave_industrial,1.14,OSM: nave_industrial | 1.1 ha | Huelva
Poligono_Nave_industrial_023,37.375456,-6.030347,Sevilla,nave_industrial,1.13,OSM: nave_industrial | 1.1 ha | Sevilla
Poligono_Nave_industrial_024,37.192284,-6.926482,Huelva,nave_industrial,1.12,OSM: nave_industrial | 1.1 ha | Huelva
Poligono_Nave_industrial_025,37.710228,-5.283442,Córdoba,nave_industrial,1.12,OSM: nave_industrial | 1.1 ha | Córdoba
Poligono_Nave_industrial_026,37.221082,-5.88724,Sevilla,nave_industrial,1.12,OSM: nave_industrial | 1.1 ha | Sevilla
Poligono_Nave_industrial_027,37.900092,-4.72523,Córdoba,nave_industrial,1.11,OSM: nave_industrial | 1.1 ha | Córdoba
Poligono_Nave_industrial_028,37.211314,-5.772255,Sevilla,nave_industrial,1.1,OSM: nave_industrial | 1.1 ha | Sevilla
Poligono_Nave_industrial_029,37.272547,-5.942958,Sevilla,nave_industrial,1.05,OSM: nave_industrial | 1.1 ha | Sevilla
Poligono_Nave_industrial_030,37.350755,-7.012339,Huelva,nave_industrial,1.04,OSM: nave_industrial | 1.0 ha | Huelva
Poligono_Nave_industrial_031,37.320518,-7.078772,Huelva,nave_industrial,1.04,OSM: nave_industrial | 1.0 ha | Huelva
Poligono_Nave_industrial_032,36.631934,-6.364253,Cádiz,nave_industrial,1.02,OSM: nave_industrial | 1.0 ha | Cádiz
Antigua Azucarera,37.58889,-5.735764,Tocina,nave_industrial,0.99,OSM: nave_industrial | 1.0 ha | Sevilla
Poligono_Nave_industrial_033,37.244798,-7.252443,Huelva,nave_industrial,0.99,OSM: nave_industrial | 1.0 ha | Huelva
Poligono_Nave_industrial_034,37.179194,-6.912071,Huelva,nave_industrial,0.98,OSM: nave_industrial | 1.0 ha | Huelva
Poligono_Nave_industrial_035,37.683383,-5.306731,Córdoba,nave_industrial,0.97,OSM: nave_industrial | 1.0 ha | Córdoba
Poligono_Nave_industrial_036,37.547156,-5.944541,Sevilla,nave_industrial,0.96,OSM: nave_industrial | 1.0 ha | Sevilla
Poligono_Nave_industrial_037,37.522871,-6.082428,Sevilla,nave_industrial,0.96,OSM: nave_industrial | 1.0 ha | Sevilla
Poligono_Nave_industrial_038,36.659392,-6.144389,Cádiz,nave_industrial,0.95,OSM: nave_industrial | 0.9 ha | Cádiz
Poligono_Nave_industrial_039,37.29302,-7.153468,Huelva,nave_industrial,0.89,OSM: nave_industrial | 0.9 ha | Huelva
Poligono_Nave_industrial_040,37.578573,-5.973717,Sevilla,nave_industrial,0.84,OSM: nave_industrial | 0.8 ha | Sevilla
Poligono_Almacen_002,36.594468,-6.231526,Cádiz,almacen,0.84,OSM: almacen | 0.8 ha | Cádiz
Poligono_Nave_industrial_041,37.560688,-5.06942,Sevilla,nave_industrial,0.84,OSM: nave_industrial | 0.8 ha | Sevilla
Poligono_Nave_industrial_042,37.285365,-4.780263,Sevilla,nave_industrial,0.84,OSM: nave_industrial | 0.8 ha | Sevilla
Gar & Cía,36.52081,-6.232203,Cádiz,almacen,0.84,OSM: almacen | 0.8 ha | Cádiz
Poligono_Nave_industrial_043,36.697829,-6.114564,Cádiz,nave_industrial,0.84,OSM: nave_industrial | 0.8 ha | Cádiz
Poligono_Nave_industrial_044,36.690429,-6.146463,Cádiz,nave_industrial,0.83,OSM: nave_industrial | 0.8 ha | Cádiz
Schott Solar CSP,37.504416,-6.244249,Aznalcollar,nave_industrial,0.81,OSM: nave_industrial | 0.8 ha | Sevilla
Poligono_Nave_industrial_045,36.665002,-6.130555,Cádiz,nave_industrial,0.79,OSM: nave_industrial | 0.8 ha | Cádiz
Poligono_Almacen_003,36.533199,-6.128425,Cádiz,almacen,0.78,OSM: almacen | 0.8 ha | Cádiz
Muebles Escalu,37.353383,-4.998364,Sevilla,nave_industrial,0.78,OSM: nave_industrial | 0.8 ha | Sevilla
Poligono_Nave_industrial_046,37.343188,-4.996093,Sevilla,nave_industrial,0.77,OSM: nave_industrial | 0.8 ha | Sevilla
Poligono_Nave_industrial_047,37.31389,-6.850104,Huelva,nave_industrial,0.75,OSM: nave_industrial | 0.8 ha | Huelva
Poligono_Nave_industrial_048,36.649727,-6.126377,Cádiz,nave_industrial,0.74,OSM: nave_industrial | 0.7 ha | Cádiz
Poligono_Nave_industrial_049,37.200904,-5.795917,Sevilla,nave_industrial,0.74,OSM: nave_industrial | 0.7 ha | Sevilla
Poligono_Nave_industrial_050,37.4151,-5.957065,Sevilla,nave_industrial,0.73,OSM: nave_industrial | 0.7 ha | Sevilla
Poligono_Nave_industrial_051,36.910191,-5.968095,Sevilla,nave_industrial,0.72,OSM: nave_industrial | 0.7 ha | Sevilla
Poligono_Almacen_004,37.206614,-4.774485,Sevilla,almacen,0.72,OSM: almacen | 0.7 ha | Sevilla
Poligono_Nave_industrial_052,37.367504,-5.900144,Sevilla,nave_industrial,0.71,OSM: nave_industrial | 0.7 ha | Sevilla
Poligono_Nave_industrial_053,37.288746,-5.914452,Sevilla,nave_industrial,0.69,OSM: nave_industrial | 0.7 ha | Sevilla
Poligono_Nave_industrial_054,38.157314,-5.833986,Sevilla,nave_industrial,0.69,OSM: nave_industrial | 0.7 ha | Sevilla
Poligono_Nave_industrial_055,37.294751,-7.127727,Huelva,nave_industrial,0.68,OSM: nave_industrial | 0.7 ha | Huelva
Nanta,37.290038,-5.899539,Sevilla,nave_industrial,0.68,OSM: nave_industrial | 0.7 ha | Sevilla
Poligono_Nave_industrial_056,37.411527,-5.888436,Sevilla,nave_industrial,0.67,OSM: nave_industrial | 0.7 ha | Sevilla
Poligono_Nave_industrial_057,36.642923,-6.132434,Cádiz,nave_industrial,0.67,OSM: nave_industrial | 0.7 ha | Cádiz
Poligono_Nave_industrial_058,37.272909,-4.811831,Sevilla,nave_industrial,0.65,OSM: nave_industrial | 0.7 ha | Sevilla
Poligono_Nave_industrial_059,37.160052,-6.498865,Huelva,nave_industrial,0.65,OSM: nave_industrial | 0.7 ha | Huelva
Poligono_Nave_industrial_060,37.071848,-5.090357,Sevilla,nave_industrial,0.64,OSM: nave_industrial | 0.6 ha | Sevilla
Poligono_Nave_industrial_061,37.902387,-4.706399,Córdoba,nave_industrial,0.64,OSM: nave_industrial | 0.6 ha | Córdoba
Poligono_Nave_industrial_062,37.6624,-4.721196,Córdoba,nave_industrial,0.62,OSM: nave_industrial | 0.6 ha | Córdoba
Supply Bldg 55,36.640179,-6.353352,Cádiz,nave_industrial,0.62,OSM: nave_industrial | 0.6 ha | Cádiz
SYRSA Automoción (Renault),37.403718,-5.959269,Sevilla,nave_industrial,0.61,OSM: nave_industrial | 0.6 ha | Sevilla
Poligono_Nave_industrial_063,37.291797,-6.897511,Huelva,nave_industrial,0.61,OSM: nave_industrial | 0.6 ha | Huelva
Poligono_Nave_industrial_064,37.610996,-4.734442,Córdoba,nave_industrial,0.6,OSM: nave_industrial | 0.6 ha | Córdoba
Poligono_Nave_industrial_065,37.499631,-6.012193,Sevilla,nave_industrial,0.6,OSM: nave_industrial | 0.6 ha | Sevilla
Poligono_Nave_industrial_066,36.712054,-6.126514,Cádiz,nave_industrial,0.59,OSM: nave_industrial | 0.6 ha | Cádiz
Poligono_Nave_industrial_067,37.393539,-5.956584,Sevilla,nave_industrial,0.59,OSM: nave_industrial | 0.6 ha | Sevilla
Poligono_Nave_industrial_068,36.281102,-5.429439,Cádiz,nave_industrial,0.58,OSM: nave_industrial | 0.6 ha | Cádiz
Poligono_Nave_industrial_069,36.866014,-5.645709,Cádiz,nave_industrial,0.58,OSM: nave_industrial | 0.6 ha | Cádiz
Poligono_Nave_industrial_070,37.304813,-6.374002,Huelva,nave_industrial,0.58,OSM: nave_industrial | 0.6 ha | Huelva
Poligono_Nave_industrial_071,37.687107,-4.476611,Córdoba,nave_industrial,0.57,OSM: nave_industrial | 0.6 ha | Córdoba
Poligono_Nave_industrial_072,37.783111,-6.80257,Huelva,nave_industrial,0.57,OSM: nave_industrial | 0.6 ha | Huelva
Poligono_Nave_industrial_073,37.311385,-6.845259,Huelva,nave_industrial,0.57,OSM: nave_industrial | 0.6 ha | Huelva
Poligono_Nave_industrial_074,37.537237,-6.034324,Sevilla,nave_industrial,0.55,OSM: nave_industrial | 0.6 ha | Sevilla
Kaura Coproducts (C3),37.488681,-6.094368,Sevilla,nave_industrial,0.55,OSM: nave_industrial | 0.6 ha | Sevilla
Poligono_Nave_industrial_075,37.396757,-5.945927,Sevilla,nave_industrial,0.54,OSM: nave_industrial | 0.5 ha | Sevilla
Cernaval,36.174359,-5.378589,Cádiz,almacen,0.54,OSM: almacen | 0.5 ha | Cádiz
Poligono_Nave_industrial_076,37.381171,-5.917635,Sevilla,nave_industrial,0.53,OSM: nave_industrial | 0.5 ha | Sevilla
Poligono_Nave_industrial_077,37.906883,-4.71003,Córdoba,nave_industrial,0.53,OSM: nave_industrial | 0.5 ha | Córdoba
Poligono_Nave_industrial_078,36.714012,-6.109703,Cádiz,nave_industrial,0.53,OSM: nave_industrial | 0.5 ha | Cádiz
Poligono_Nave_industrial_079,37.319066,-6.823348,Huelva,nave_industrial,0.52,OSM: nave_industrial | 0.5 ha | Huelva
Poligono_Nave_industrial_080,37.444923,-4.215837,Córdoba,nave_industrial,0.51,OSM: nave_industrial | 0.5 ha | Córdoba
Poligono_Almacen_005,37.91614,-4.725628,Córdoba,almacen,0.51,OSM: almacen | 0.5 ha | Córdoba
